<powerpagecomponent powerpagecomponentid="cc7c4238-ab41-4911-a2d7-ab5cbf1d134e">
  <content>{
  "filecontent": null,
  "value": ""
}</content>
  <iscustomizable>1</iscustomizable>
  <name>Authentication/OpenIdConnect/AAD-B2C_1/ClientId</name>
  <powerpagecomponenttype>9</powerpagecomponenttype>
  <powerpagesiteid>
    <powerpagesiteid>aa7d49af-363f-41d3-b99d-bdd5ad5694d8</powerpagesiteid>
  </powerpagesiteid>
  <statecode>1</statecode>
  <statuscode>2</statuscode>
</powerpagecomponent>