<powerpagecomponent powerpagecomponentid="f2f6a6a1-848a-4831-b226-a6041cccc283">
  <content>{
  "filecontent": null,
  "value": ""
}</content>
  <iscustomizable>1</iscustomizable>
  <name>Authentication/OpenIdConnect/AAD-B2C_1/RedirectUri</name>
  <powerpagecomponenttype>9</powerpagecomponenttype>
  <powerpagesiteid>
    <powerpagesiteid>aa7d49af-363f-41d3-b99d-bdd5ad5694d8</powerpagesiteid>
  </powerpagesiteid>
  <statecode>1</statecode>
  <statuscode>2</statuscode>
</powerpagecomponent>