<powerpagecomponent powerpagecomponentid="8c24d087-fa10-4839-a08d-f6ecc9beb285">
  <content>{"display_name":"Mobile Header","type":756150001,"value":"&lt;a href='~/'&gt;\r\n  {% if snippets['Logo URL'] %}&lt;img src='{{ snippets['Logo URL'] }}' alt='{{ snippets['Logo alt text'] }}' style='width: auto; height: 32px; margin: 0 10px;'&gt;{% endif %}\r\n  {% if snippets['Site name'] %}\r\n    &lt;h1 class='siteTitle custom-sitetitle'&gt;{{ snippets['Site name'] }}&lt;/h1&gt;\r\n  {% endif %}\r\n&lt;/a&gt;\r\n"}</content>
  <iscustomizable>1</iscustomizable>
  <name>Mobile Header</name>
  <powerpagecomponenttype>7</powerpagecomponenttype>
  <powerpagesiteid>
    <powerpagesiteid>aa7d49af-363f-41d3-b99d-bdd5ad5694d8</powerpagesiteid>
  </powerpagesiteid>
  <powerpagesitelanguageid>
    <powerpagesitelanguageid>96e8a8c3-d5c0-4729-bbb4-36d4e809b044</powerpagesitelanguageid>
  </powerpagesitelanguageid>
  <statecode>0</statecode>
  <statuscode>1</statuscode>
</powerpagecomponent>