<powerpagecomponent powerpagecomponentid="dca42237-8feb-4f17-8e7f-88a96809ef13">
  <content>{"description":"Set whether the footer web template is output cached.","value":"True"}</content>
  <iscustomizable>1</iscustomizable>
  <name>Footer/OutputCache/Enabled</name>
  <powerpagecomponenttype>9</powerpagecomponenttype>
  <powerpagesiteid>
    <powerpagesiteid>aa7d49af-363f-41d3-b99d-bdd5ad5694d8</powerpagesiteid>
  </powerpagesiteid>
  <statecode>0</statecode>
  <statuscode>1</statuscode>
</powerpagecomponent>