<powerpagecomponent powerpagecomponentid="dd36c0c1-b95c-8499-02ff-c15288c5e2eb">
  <content>{
  "displayorder": 13,
  "customcss": "",
  "customjavascript": "",
  "pagetemplateid": "7504b05c-7353-404b-af12-de2d395d7fb0",
  "parentpageid": "439a903c-bf6a-492c-b905-cbbbce3612e3",
  "partialurl": "ALLDATATABLES",
  "isroot": true,
  "title": "ALLDATATABLES",
  "summary": "&lt;p&gt;This is a sample landing page designed to be a starting point for your website&lt;/p&gt;",
  "copy": "",
  "publishingstateid": "0c05b030-bb84-4276-94fc-ece9f13ab2e8",
  "enablerating": false,
  "enabletracking": false,
  "excludefromsearch": false,
  "hiddenfromsitemap": true,
  "sharedpageconfiguration": false
}</content>
  <iscustomizable>1</iscustomizable>
  <name>ALLDATATABLES</name>
  <powerpagecomponenttype>2</powerpagecomponenttype>
  <powerpagesiteid>
    <powerpagesiteid>aa7d49af-363f-41d3-b99d-bdd5ad5694d8</powerpagesiteid>
  </powerpagesiteid>
  <searchcontent>ALLDATATABLESALLDATATABLES</searchcontent>
  <statecode>0</statecode>
  <statuscode>1</statuscode>
</powerpagecomponent>