<powerpagecomponent powerpagecomponentid="8d5c2b19-45c1-4896-8a35-37446c7dfe12">
  <content>{"display_name":"Logo alt text","type":756150000,"value":"Company name logo\r\n"}</content>
  <iscustomizable>1</iscustomizable>
  <name>Logo alt text</name>
  <powerpagecomponenttype>7</powerpagecomponenttype>
  <powerpagesiteid>
    <powerpagesiteid>aa7d49af-363f-41d3-b99d-bdd5ad5694d8</powerpagesiteid>
  </powerpagesiteid>
  <powerpagesitelanguageid>
    <powerpagesitelanguageid>96e8a8c3-d5c0-4729-bbb4-36d4e809b044</powerpagesitelanguageid>
  </powerpagesitelanguageid>
  <statecode>0</statecode>
  <statuscode>1</statuscode>
</powerpagecomponent>