<powerpagecomponent powerpagecomponentid="e5308c10-46e7-4f50-95e7-1fa25213da05">
  <content>{"display_name":"Header/Toggle Navigation","type":756150001,"value":"Toggle navigation"}</content>
  <iscustomizable>1</iscustomizable>
  <name>Header/Toggle Navigation</name>
  <powerpagecomponenttype>7</powerpagecomponenttype>
  <powerpagesiteid>
    <powerpagesiteid>aa7d49af-363f-41d3-b99d-bdd5ad5694d8</powerpagesiteid>
  </powerpagesiteid>
  <powerpagesitelanguageid>
    <powerpagesitelanguageid>96e8a8c3-d5c0-4729-bbb4-36d4e809b044</powerpagesitelanguageid>
  </powerpagesitelanguageid>
  <statecode>0</statecode>
  <statuscode>1</statuscode>
</powerpagecomponent>