<powerpagecomponent powerpagecomponentid="b2128a06-6015-46da-b436-7c27de0c09f4">
  <content>{"entityname":"adx_webpage","isdefault":false,"rewriteurl":"~/Pages/Profile.aspx","type":756150000,"usewebsiteheaderandfooter":true}</content>
  <iscustomizable>1</iscustomizable>
  <name>Profile</name>
  <powerpagecomponenttype>6</powerpagecomponenttype>
  <powerpagesiteid>
    <powerpagesiteid>aa7d49af-363f-41d3-b99d-bdd5ad5694d8</powerpagesiteid>
  </powerpagesiteid>
  <statecode>0</statecode>
  <statuscode>1</statuscode>
</powerpagecomponent>