<powerpagecomponent powerpagecomponentid="0bd3775d-633e-d938-5596-704ba0ed4401">
  <content>{
  "displayorder": 2,
  "weblinksetid": "8f14c53a-3a7c-4edf-9c89-8b1a9edb8d9d",
  "pageid": "71b56528-503d-999a-5458-007fbde737a9",
  "publishingstateid": "0c05b030-bb84-4276-94fc-ece9f13ab2e8",
  "displaypagevalidation": false,
  "displayimageonly": false,
  "displaypagechildlinks": false,
  "openinnewwindow": false,
  "robotsfollowlink": true
}</content>
  <iscustomizable>1</iscustomizable>
  <name>Dashboard</name>
  <powerpagecomponenttype>5</powerpagecomponenttype>
  <powerpagesiteid>
    <powerpagesiteid>aa7d49af-363f-41d3-b99d-bdd5ad5694d8</powerpagesiteid>
  </powerpagesiteid>
  <statecode>0</statecode>
  <statuscode>1</statuscode>
</powerpagecomponent>