<powerpagecomponent powerpagecomponentid="5903c837-8aee-477e-b3f7-6ccb17549a56">
  <content>{"copy":"&lt;p&gt;Please provide some information about yourself.&lt;/p&gt;\r\n\r\n&lt;p&gt;The &lt;strong&gt;First Name&lt;/strong&gt; and &lt;strong&gt;Last Name &lt;/strong&gt;you provide will be displayed alongside any comments, forum posts, or ideas you make on the site.&lt;/p&gt;\r\n\r\n&lt;p&gt;The &lt;strong&gt;Email Address&lt;/strong&gt; and &lt;strong&gt;Phone&lt;/strong&gt; number will not be displayed on the site.&lt;/p&gt;\r\n\r\n&lt;p&gt;Your &lt;strong&gt;Organization&lt;/strong&gt; and &lt;strong&gt;Title&lt;/strong&gt; are optional. They will be displayed with your comments and forum posts.&lt;/p&gt;","enablerating":false,"enabletracking":false,"excludefromsearch":false,"feedbackpolicy":756150000,"hiddenfromsitemap":true,"isroot":false,"pagetemplateid":"b2128a06-6015-46da-b436-7c27de0c09f4","parentpageid":"439a903c-bf6a-492c-b905-cbbbce3612e3","partialurl":"profile","publishingstateid":"0c05b030-bb84-4276-94fc-ece9f13ab2e8","rootwebpageid":"0bba309a-cc6d-4617-be92-6e48584de75b","sharedpageconfiguration":false,"title":"Profile"}</content>
  <iscustomizable>1</iscustomizable>
  <name>Profile</name>
  <powerpagecomponenttype>2</powerpagecomponenttype>
  <powerpagesiteid>
    <powerpagesiteid>aa7d49af-363f-41d3-b99d-bdd5ad5694d8</powerpagesiteid>
  </powerpagesiteid>
  <powerpagesitelanguageid>
    <powerpagesitelanguageid>96e8a8c3-d5c0-4729-bbb4-36d4e809b044</powerpagesitelanguageid>
  </powerpagesitelanguageid>
  <searchcontent>Profile&lt;p&gt;Please provide some information about yourself.&lt;/p&gt;

&lt;p&gt;The &lt;strong&gt;First Name&lt;/strong&gt; and &lt;strong&gt;Last Name &lt;/strong&gt;you provide will be displayed alongside any comments, forum posts, or ideas you make on the site.&lt;/p&gt;

&lt;p&gt;The &lt;strong&gt;Email Address&lt;/strong&gt; and &lt;strong&gt;Phone&lt;/strong&gt; number will not be displayed on the site.&lt;/p&gt;

&lt;p&gt;Your &lt;strong&gt;Organization&lt;/strong&gt; and &lt;strong&gt;Title&lt;/strong&gt; are optional. They will be displayed with your comments and forum posts.&lt;/p&gt;Profile</searchcontent>
  <statecode>0</statecode>
  <statuscode>1</statuscode>
</powerpagecomponent>