<powerpagecomponent powerpagecomponentid="26e9b67a-e1cb-458b-9882-fcd47dc07a5c">
  <content>{"display_name":"Search/Facet/Sort Order/Relevance","type":756150000,"value":"Relevance"}</content>
  <iscustomizable>1</iscustomizable>
  <name>Search/Facet/SortOrder/Relevance</name>
  <powerpagecomponenttype>7</powerpagecomponenttype>
  <powerpagesiteid>
    <powerpagesiteid>aa7d49af-363f-41d3-b99d-bdd5ad5694d8</powerpagesiteid>
  </powerpagesiteid>
  <powerpagesitelanguageid>
    <powerpagesitelanguageid>96e8a8c3-d5c0-4729-bbb4-36d4e809b044</powerpagesitelanguageid>
  </powerpagesitelanguageid>
  <statecode>0</statecode>
  <statuscode>1</statuscode>
</powerpagecomponent>