<powerpagecomponent powerpagecomponentid="f85a6092-e261-476a-bc38-26454a8fe670">
  <content>{"contentdisposition":756150000,"displayorder":9,"enabletracking":false,"excludefromsearch":true,"hiddenfromsitemap":true,"parentpageid":"439a903c-bf6a-492c-b905-cbbbce3612e3","partialurl":"bootstrap.min.css","publishingstateid":"0c05b030-bb84-4276-94fc-ece9f13ab2e8"}</content>
  <filecontent mimetype="application/octet-stream">bootstrap.min.css</filecontent>
  <iscustomizable>1</iscustomizable>
  <name>bootstrap.min.css</name>
  <powerpagecomponenttype>3</powerpagecomponenttype>
  <powerpagesiteid>
    <powerpagesiteid>aa7d49af-363f-41d3-b99d-bdd5ad5694d8</powerpagesiteid>
  </powerpagesiteid>
  <statecode>0</statecode>
  <statuscode>1</statuscode>
</powerpagecomponent>