<powerpagecomponent powerpagecomponentid="ed998e1f-7e58-f011-bec1-7c1e521687a7">
  <content>{"botschemaname":"crbf0_84cc11ef-8cf2-4c5e-83c0-a2cd46a4c9d9","configjson":"{\"skillConfigViewName\":\"RCSA Copilot bot Answers\"}"}</content>
  <iscustomizable>1</iscustomizable>
  <name>Bot Consumer</name>
  <powerpagecomponenttype>27</powerpagecomponenttype>
  <powerpagesiteid>
    <powerpagesiteid>aa7d49af-363f-41d3-b99d-bdd5ad5694d8</powerpagesiteid>
  </powerpagesiteid>
  <statecode>0</statecode>
  <statuscode>1</statuscode>
</powerpagecomponent>