<powerpagecomponent powerpagecomponentid="e2447bea-c145-4778-a183-1249a2fdbb12">
  <content>{
  "entityname": "Scale Read Access",
  "entitylogicalname": "cr129_scale",
  "scope": 756150000,
  "append": false,
  "appendto": false,
  "delete": false,
  "read": true,
  "create": false,
  "write": false,
  "parentrelationship": null,
  "parententitypermission": null,
  "contactrelationship": null,
  "accountrelationship": null,
  "childTablePermissions": [],
  "adx_entitypermission_webrole": [
    "b912c42b-d467-42b7-88c9-2427536440e4"
  ]
}</content>
  <iscustomizable>1</iscustomizable>
  <name>Scale Read Access</name>
  <powerpagecomponenttype>18</powerpagecomponenttype>
  <powerpagesiteid>
    <powerpagesiteid>aa7d49af-363f-41d3-b99d-bdd5ad5694d8</powerpagesiteid>
  </powerpagesiteid>
  <statecode>0</statecode>
  <statuscode>1</statuscode>
</powerpagecomponent>