<powerpagecomponent powerpagecomponentid="822179af-5b2c-1dbf-1c4c-986a1c81d513">
  <content>{
  "copy": "&lt;div class=\"row sectionBlockLayout text-start\" style=\"display: flex; flex-wrap: wrap; margin: 0px; min-height: auto; padding: 8px;\"&gt;\n  &lt;div class=\"container\" style=\"display: flex; flex-wrap: wrap;\"&gt;&lt;div class=\"col-lg-12 columnBlockLayout\" style=\"flex-grow: 1; display: flex; flex-direction: column; min-width: 250px; padding: 16px; margin: 60px 0px;\"&gt;{% include 'entity_list' key: 'BUS' AISummaryTitle:'AI Insights' isAISummaryExpanded:'true' AISummaryChartTypes:'[1,2,3,4,5]' isAISummaryEnabled:'true' %}&lt;/div&gt;&lt;/div&gt;\n&lt;/div&gt;\n&lt;div class=\"row sectionBlockLayout text-start\" style=\"display: flex; flex-wrap: wrap; margin: 0px; min-height: auto; padding: 8px;\"&gt;\n  &lt;div class=\"container\" style=\"display: flex; flex-wrap: wrap;\"&gt;&lt;div class=\"col-lg-12 columnBlockLayout\" style=\"flex-grow: 1; display: flex; flex-direction: column; min-width: 250px; padding: 16px; margin: 60px 0px;\"&gt;{% include 'entity_list' key: 'risks' AISummaryTitle:'AI Insights' isAISummaryExpanded:'true' AISummaryChartTypes:'[1,2,3,4,5]' isAISummaryEnabled:'true' %}&lt;/div&gt;&lt;/div&gt;\n&lt;/div&gt;\n&lt;div class=\"row sectionBlockLayout text-start\" style=\"display: flex; flex-wrap: wrap; margin: 0px; min-height: auto; padding: 8px;\"&gt;\n  &lt;div class=\"container\" style=\"padding: 0px; display: flex; flex-wrap: wrap;\"&gt;&lt;div class=\"col-lg-12 columnBlockLayout\" style=\"flex-grow: 1; display: flex; flex-direction: column; min-width: 250px;\"&gt;{% include 'entity_list' key: 'Ctrl' AISummaryTitle:'AI Insights' isAISummaryExpanded:'true' AISummaryChartTypes:'[1,2,3,4,5]' isAISummaryEnabled:'true' isNLSearchEnabled:'true' %}{% include 'entity_list' key: 'Active Assesses' AISummaryTitle:'AI Insights' isAISummaryExpanded:'true' AISummaryChartTypes:'[1,2,3,4,5]' isAISummaryEnabled:'true' isNLSearchEnabled:'true' %}&lt;/div&gt;&lt;/div&gt;\n&lt;/div&gt;\n&lt;div class=\"row sectionBlockLayout text-start\" style=\"display: flex; flex-wrap: wrap; margin: 0px; min-height: auto; padding: 8px;\"&gt;\n  &lt;div class=\"container\" style=\"padding: 0px; display: flex; flex-wrap: wrap;\"&gt;&lt;div class=\"col-lg-12 columnBlockLayout\" style=\"flex-grow: 1; display: flex; flex-direction: column; min-width: 250px;\"&gt;{% include 'entity_list' key: 'Proc' AISummaryTitle:'AI Insights' isAISummaryExpanded:'true' AISummaryChartTypes:'[1,2,3,4,5]' isAISummaryEnabled:'true' isNLSearchEnabled:'true' %}&lt;/div&gt;&lt;/div&gt;\n&lt;/div&gt;\n&lt;div class=\"row sectionBlockLayout text-start\" style=\"display: flex; flex-wrap: wrap; margin: 0px; min-height: auto; padding: 8px;\"&gt;\n  &lt;div class=\"container\" style=\"padding: 0px; display: flex; flex-wrap: wrap;\"&gt;&lt;div class=\"col-lg-12 columnBlockLayout\" style=\"flex-grow: 1; display: flex; flex-direction: column; min-width: 250px;\"&gt;{% include 'entity_list' key: 'Active RiskCtrls' isModern:'true' AISummaryTitle:'AI Insights' isAISummaryExpanded:'true' AISummaryChartTypes:'[1,2,3,4,5]' isAISummaryEnabled:'true' isNLSearchEnabled:'true' %}&lt;/div&gt;&lt;/div&gt;\n&lt;/div&gt;\n&lt;div class=\"row sectionBlockLayout text-start\" style=\"display: flex; flex-wrap: wrap; margin: 0px; min-height: auto; padding: 8px;\"&gt;\n  &lt;div class=\"container\" style=\"padding: 0px; display: flex; flex-wrap: wrap;\"&gt;&lt;div class=\"col-lg-12 columnBlockLayout\" style=\"flex-grow: 1; display: flex; flex-direction: column; min-width: 250px;\"&gt;{% include 'entity_list' key: 'Issue' AISummaryTitle:'AI Insights' isAISummaryExpanded:'true' AISummaryChartTypes:'[1,2,3,4,5]' isAISummaryEnabled:'true' isNLSearchEnabled:'true' %}&lt;/div&gt;&lt;/div&gt;\n&lt;/div&gt;\n&lt;div class=\"row sectionBlockLayout text-start\" style=\"display: flex; flex-wrap: wrap; margin: 0px; min-height: auto; padding: 8px;\"&gt;\n  &lt;div class=\"container\" style=\"padding: 0px; display: flex; flex-wrap: wrap;\"&gt;&lt;div class=\"col-lg-12 columnBlockLayout\" style=\"flex-grow: 1; display: flex; flex-direction: column; min-width: 250px;\"&gt;{% include 'entity_list' key: 'KRI' AISummaryTitle:'AI Insights' isAISummaryExpanded:'true' AISummaryChartTypes:'[1,2,3,4,5]' isAISummaryEnabled:'true' isNLSearchEnabled:'true' %}&lt;/div&gt;&lt;/div&gt;\n&lt;/div&gt;\n&lt;div class=\"row sectionBlockLayout text-start\" style=\"display: flex; flex-wrap: wrap; margin: 0px; min-height: auto; padding: 8px;\"&gt;\n  &lt;div class=\"container\" style=\"padding: 0px; display: flex; flex-wrap: wrap;\"&gt;&lt;div class=\"col-lg-12 columnBlockLayout\" style=\"flex-grow: 1; display: flex; flex-direction: column; min-width: 250px;\"&gt;{% include 'entity_list' key: 'Scale' AISummaryTitle:'AI Insights' isAISummaryExpanded:'true' AISummaryChartTypes:'[1,2,3,4,5]' isAISummaryEnabled:'true' isNLSearchEnabled:'true' %}&lt;/div&gt;&lt;/div&gt;\n&lt;/div&gt;\n",
  "displayorder": 13,
  "enablerating": false,
  "enabletracking": false,
  "excludefromsearch": false,
  "hiddenfromsitemap": true,
  "isroot": false,
  "pagetemplateid": "7504b05c-7353-404b-af12-de2d395d7fb0",
  "parentpageid": "439a903c-bf6a-492c-b905-cbbbce3612e3",
  "partialurl": "ALLDATATABLES",
  "publishingstateid": "0c05b030-bb84-4276-94fc-ece9f13ab2e8",
  "rootwebpageid": "dd36c0c1-b95c-8499-02ff-c15288c5e2eb",
  "sharedpageconfiguration": false,
  "summary": "&lt;p&gt;This is a sample landing page designed to be a starting point for your website&lt;/p&gt;",
  "title": "ALLDATATABLES"
}</content>
  <iscustomizable>1</iscustomizable>
  <name>ALLDATATABLES</name>
  <powerpagecomponenttype>2</powerpagecomponenttype>
  <powerpagesiteid>
    <powerpagesiteid>aa7d49af-363f-41d3-b99d-bdd5ad5694d8</powerpagesiteid>
  </powerpagesiteid>
  <powerpagesitelanguageid>
    <powerpagesitelanguageid>96e8a8c3-d5c0-4729-bbb4-36d4e809b044</powerpagesitelanguageid>
  </powerpagesitelanguageid>
  <searchcontent>ALLDATATABLES&lt;div class="row sectionBlockLayout text-start" style="display: flex; flex-wrap: wrap; margin: 0px; min-height: auto; padding: 8px;"&gt;
  &lt;div class="container" style="display: flex; flex-wrap: wrap;"&gt;&lt;div class="col-lg-12 columnBlockLayout" style="flex-grow: 1; display: flex; flex-direction: column; min-width: 250px; padding: 16px; margin: 60px 0px;"&gt;{% include 'entity_list' key: 'BUS' AISummaryTitle:'AI Insights' isAISummaryExpanded:'true' AISummaryChartTypes:'[1,2,3,4,5]' isAISummaryEnabled:'true' %}&lt;/div&gt;&lt;/div&gt;
&lt;/div&gt;
&lt;div class="row sectionBlockLayout text-start" style="display: flex; flex-wrap: wrap; margin: 0px; min-height: auto; padding: 8px;"&gt;
  &lt;div class="container" style="display: flex; flex-wrap: wrap;"&gt;&lt;div class="col-lg-12 columnBlockLayout" style="flex-grow: 1; display: flex; flex-direction: column; min-width: 250px; padding: 16px; margin: 60px 0px;"&gt;{% include 'entity_list' key: 'risks' AISummaryTitle:'AI Insights' isAISummaryExpanded:'true' AISummaryChartTypes:'[1,2,3,4,5]' isAISummaryEnabled:'true' %}&lt;/div&gt;&lt;/div&gt;
&lt;/div&gt;
&lt;div class="row sectionBlockLayout text-start" style="display: flex; flex-wrap: wrap; margin: 0px; min-height: auto; padding: 8px;"&gt;
  &lt;div class="container" style="padding: 0px; display: flex; flex-wrap: wrap;"&gt;&lt;div class="col-lg-12 columnBlockLayout" style="flex-grow: 1; display: flex; flex-direction: column; min-width: 250px;"&gt;{% include 'entity_list' key: 'Ctrl' AISummaryTitle:'AI Insights' isAISummaryExpanded:'true' AISummaryChartTypes:'[1,2,3,4,5]' isAISummaryEnabled:'true' isNLSearchEnabled:'true' %}{% include 'entity_list' key: 'Active Assesses' AISummaryTitle:'AI Insights' isAISummaryExpanded:'true' AISummaryChartTypes:'[1,2,3,4,5]' isAISummaryEnabled:'true' isNLSearchEnabled:'true' %}&lt;/div&gt;&lt;/div&gt;
&lt;/div&gt;
&lt;div class="row sectionBlockLayout text-start" style="display: flex; flex-wrap: wrap; margin: 0px; min-height: auto; padding: 8px;"&gt;
  &lt;div class="container" style="padding: 0px; display: flex; flex-wrap: wrap;"&gt;&lt;div class="col-lg-12 columnBlockLayout" style="flex-grow: 1; display: flex; flex-direction: column; min-width: 250px;"&gt;{% include 'entity_list' key: 'Proc' AISummaryTitle:'AI Insights' isAISummaryExpanded:'true' AISummaryChartTypes:'[1,2,3,4,5]' isAISummaryEnabled:'true' isNLSearchEnabled:'true' %}&lt;/div&gt;&lt;/div&gt;
&lt;/div&gt;
&lt;div class="row sectionBlockLayout text-start" style="display: flex; flex-wrap: wrap; margin: 0px; min-height: auto; padding: 8px;"&gt;
  &lt;div class="container" style="padding: 0px; display: flex; flex-wrap: wrap;"&gt;&lt;div class="col-lg-12 columnBlockLayout" style="flex-grow: 1; display: flex; flex-direction: column; min-width: 250px;"&gt;{% include 'entity_list' key: 'Active RiskCtrls' isModern:'true' AISummaryTitle:'AI Insights' isAISummaryExpanded:'true' AISummaryChartTypes:'[1,2,3,4,5]' isAISummaryEnabled:'true' isNLSearchEnabled:'true' %}&lt;/div&gt;&lt;/div&gt;
&lt;/div&gt;
&lt;div class="row sectionBlockLayout text-start" style="display: flex; flex-wrap: wrap; margin: 0px; min-height: auto; padding: 8px;"&gt;
  &lt;div class="container" style="padding: 0px; display: flex; flex-wrap: wrap;"&gt;&lt;div class="col-lg-12 columnBlockLayout" style="flex-grow: 1; display: flex; flex-direction: column; min-width: 250px;"&gt;{% include 'entity_list' key: 'Issue' AISummaryTitle:'AI Insights' isAISummaryExpanded:'true' AISummaryChartTypes:'[1,2,3,4,5]' isAISummaryEnabled:'true' isNLSearchEnabled:'true' %}&lt;/div&gt;&lt;/div&gt;
&lt;/div&gt;
&lt;div class="row sectionBlockLayout text-start" style="display: flex; flex-wrap: wrap; margin: 0px; min-height: auto; padding: 8px;"&gt;
  &lt;div class="container" style="padding: 0px; display: flex; flex-wrap: wrap;"&gt;&lt;div class="col-lg-12 columnBlockLayout" style="flex-grow: 1; display: flex; flex-direction: column; min-width: 250px;"&gt;{% include 'entity_list' key: 'KRI' AISummaryTitle:'AI Insights' isAISummaryExpanded:'true' AISummaryChartTypes:'[1,2,3,4,5]' isAISummaryEnabled:'true' isNLSearchEnabled:'true' %}&lt;/div&gt;&lt;/div&gt;
&lt;/div&gt;
&lt;div class="row sectionBlockLayout text-start" style="display: flex; flex-wrap: wrap; margin: 0px; min-height: auto; padding: 8px;"&gt;
  &lt;div class="container" style="padding: 0px; display: flex; flex-wrap: wrap;"&gt;&lt;div class="col-lg-12 columnBlockLayout" style="flex-grow: 1; display: flex; flex-direction: column; min-width: 250px;"&gt;{% include 'entity_list' key: 'Scale' AISummaryTitle:'AI Insights' isAISummaryExpanded:'true' AISummaryChartTypes:'[1,2,3,4,5]' isAISummaryEnabled:'true' isNLSearchEnabled:'true' %}&lt;/div&gt;&lt;/div&gt;
&lt;/div&gt;
ALLDATATABLES</searchcontent>
  <statecode>0</statecode>
  <statuscode>1</statuscode>
</powerpagecomponent>