<powerpagecomponent powerpagecomponentid="973a2316-2e2f-4b21-a242-6e1ac889ede3">
  <content>{"enablerating":false,"enabletracking":false,"excludefromsearch":false,"feedbackpolicy":756150000,"hiddenfromsitemap":true,"isroot":true,"pagetemplateid":"52384827-6864-4ac7-8aa2-dfe8908d5ea9","parentpageid":"439a903c-bf6a-492c-b905-cbbbce3612e3","partialurl":"search","publishingstateid":"0c05b030-bb84-4276-94fc-ece9f13ab2e8","sharedpageconfiguration":false}</content>
  <iscustomizable>1</iscustomizable>
  <name>Search</name>
  <powerpagecomponenttype>2</powerpagecomponenttype>
  <powerpagesiteid>
    <powerpagesiteid>aa7d49af-363f-41d3-b99d-bdd5ad5694d8</powerpagesiteid>
  </powerpagesiteid>
  <searchcontent>Search</searchcontent>
  <statecode>0</statecode>
  <statuscode>1</statuscode>
</powerpagecomponent>