<powerpagecomponent powerpagecomponentid="8e9060f2-1676-45de-ae0a-17a8a8889172">
  <content>{"description":"Set whether the header web template is output cached.","value":"True"}</content>
  <iscustomizable>1</iscustomizable>
  <name>Header/OutputCache/Enabled</name>
  <powerpagecomponenttype>9</powerpagecomponenttype>
  <powerpagesiteid>
    <powerpagesiteid>aa7d49af-363f-41d3-b99d-bdd5ad5694d8</powerpagesiteid>
  </powerpagesiteid>
  <statecode>0</statecode>
  <statuscode>1</statuscode>
</powerpagecomponent>