<powerpagecomponent powerpagecomponentid="199c4a77-9722-4ba7-9295-a909bfe97f75">
  <content>{"description":"Denies use of the portal to minors without parental consent. By default, it is set to false.","value":"false"}</content>
  <iscustomizable>1</iscustomizable>
  <name>Authentication/Registration/DenyMinorsWithoutParentalConsent</name>
  <powerpagecomponenttype>9</powerpagecomponenttype>
  <powerpagesiteid>
    <powerpagesiteid>aa7d49af-363f-41d3-b99d-bdd5ad5694d8</powerpagesiteid>
  </powerpagesiteid>
  <statecode>0</statecode>
  <statuscode>1</statuscode>
</powerpagecomponent>