<powerpagecomponent powerpagecomponentid="038702ec-e56d-458d-8cda-f3c9b86a255e">
  <content>{"display_name":"Social Share Widget Code Page Top","type":756150000}</content>
  <iscustomizable>1</iscustomizable>
  <name>Social Share Widget Code Page Top</name>
  <powerpagecomponenttype>7</powerpagecomponenttype>
  <powerpagesiteid>
    <powerpagesiteid>aa7d49af-363f-41d3-b99d-bdd5ad5694d8</powerpagesiteid>
  </powerpagesiteid>
  <powerpagesitelanguageid>
    <powerpagesitelanguageid>96e8a8c3-d5c0-4729-bbb4-36d4e809b044</powerpagesitelanguageid>
  </powerpagesitelanguageid>
  <statecode>0</statecode>
  <statuscode>1</statuscode>
</powerpagecomponent>