<powerpagecomponent powerpagecomponentid="9b28ba3c-0797-4fcc-8c16-28bf1d483778">
  <content>{
  "value": "emailaddress1=http://schemas.xmlsoap.org/ws/2005/05/identity/claims/emailaddress,fullname=http://schemas.xmlsoap.org/ws/2005/05/identity/claims/name,firstname=http://schemas.xmlsoap.org/ws/2005/05/identity/claims/givenname,lastname=http://schemas.xmlsoap.org/ws/2005/05/identity/claims/surname"
}</content>
  <iscustomizable>1</iscustomizable>
  <name>Authentication/OpenIdConnect/AzureAD/RegistrationClaimsMapping</name>
  <powerpagecomponenttype>9</powerpagecomponenttype>
  <powerpagesiteid>
    <powerpagesiteid>aa7d49af-363f-41d3-b99d-bdd5ad5694d8</powerpagesiteid>
  </powerpagesiteid>
  <statecode>0</statecode>
  <statuscode>1</statuscode>
</powerpagecomponent>