<powerpagecomponent powerpagecomponentid="5c2dcb7a-39c6-6f2c-ab3a-962d26e2568c">
  <content>{
  "filecontent": null,
  "displayorder": 10,
  "customcss": "",
  "customjavascript": "",
  "pagetemplateid": "7504b05c-7353-404b-af12-de2d395d7fb0",
  "parentpageid": "439a903c-bf6a-492c-b905-cbbbce3612e3",
  "partialurl": "Control-Mapping-Overview",
  "isroot": true,
  "title": "Control Mapping Overview",
  "summary": "&lt;p&gt;This is a sample landing page designed to be a starting point for your website&lt;/p&gt;",
  "copy": "&lt;div id=\"in2ibc\" class=\"row sectionBlockLayout text-start\" style=\"display: flex; flex-wrap: wrap; margin: 0px; min-height: auto; padding: 8px;\"&gt;\n  &lt;div class=\"container\" id=\"ijn8oi\" style=\"padding: 0px; display: flex; flex-wrap: wrap;\"&gt;&lt;div class=\"col-lg-12 columnBlockLayout\" style=\"flex-grow: 1; display: flex; flex-direction: column; min-width: 250px;\"&gt;&lt;/div&gt;&lt;/div&gt;\n&lt;/div&gt;\n",
  "publishingstateid": "0c05b030-bb84-4276-94fc-ece9f13ab2e8",
  "enablerating": false,
  "enabletracking": false,
  "excludefromsearch": false,
  "hiddenfromsitemap": true,
  "sharedpageconfiguration": false
}</content>
  <iscustomizable>1</iscustomizable>
  <name>Control Mapping Overview</name>
  <powerpagecomponenttype>2</powerpagecomponenttype>
  <powerpagesiteid>
    <powerpagesiteid>aa7d49af-363f-41d3-b99d-bdd5ad5694d8</powerpagesiteid>
  </powerpagesiteid>
  <searchcontent>Control Mapping Overview&lt;div id="in2ibc" class="row sectionBlockLayout text-start" style="display: flex; flex-wrap: wrap; margin: 0px; min-height: auto; padding: 8px;"&gt;
  &lt;div class="container" id="ijn8oi" style="padding: 0px; display: flex; flex-wrap: wrap;"&gt;&lt;div class="col-lg-12 columnBlockLayout" style="flex-grow: 1; display: flex; flex-direction: column; min-width: 250px;"&gt;&lt;/div&gt;&lt;/div&gt;
&lt;/div&gt;
Control Mapping Overview</searchcontent>
  <statecode>0</statecode>
  <statuscode>1</statuscode>
</powerpagecomponent>