<powerpagecomponent powerpagecomponentid="504b6e31-222e-43d4-bb9b-df2b3772e5b7">
  <content>{"display_name":"Search/Facet/Sort Order/Average User Rating","type":756150000,"value":"Average User Ratings"}</content>
  <iscustomizable>1</iscustomizable>
  <name>Search/Facet/SortOrder/AverageUserRating</name>
  <powerpagecomponenttype>7</powerpagecomponenttype>
  <powerpagesiteid>
    <powerpagesiteid>aa7d49af-363f-41d3-b99d-bdd5ad5694d8</powerpagesiteid>
  </powerpagesiteid>
  <powerpagesitelanguageid>
    <powerpagesitelanguageid>96e8a8c3-d5c0-4729-bbb4-36d4e809b044</powerpagesitelanguageid>
  </powerpagesitelanguageid>
  <statecode>0</statecode>
  <statuscode>1</statuscode>
</powerpagecomponent>