<powerpagecomponent powerpagecomponentid="33936dcb-a5a6-4680-863f-ba65838fc551">
  <content>{"description":"Denies use of the portal to minors. By default, it is set to false.","value":"false"}</content>
  <iscustomizable>1</iscustomizable>
  <name>Authentication/Registration/DenyMinors</name>
  <powerpagecomponenttype>9</powerpagecomponenttype>
  <powerpagesiteid>
    <powerpagesiteid>aa7d49af-363f-41d3-b99d-bdd5ad5694d8</powerpagesiteid>
  </powerpagesiteid>
  <statecode>0</statecode>
  <statuscode>1</statuscode>
</powerpagecomponent>