<powerpagecomponent powerpagecomponentid="2b5ca1b2-7ff0-ba83-097f-58e319398e11">
  <content>{
  "displayimageonly": false,
  "displayorder": 9,
  "displaypagechildlinks": false,
  "openinnewwindow": false,
  "pageid": "f594e41c-28c5-7edb-b81e-df3e6c7385a0",
  "parentweblinkid": null,
  "publishingstateid": "0c05b030-bb84-4276-94fc-ece9f13ab2e8",
  "robotsfollowlink": true,
  "weblinksetid": "8f14c53a-3a7c-4edf-9c89-8b1a9edb8d9d"
}</content>
  <iscustomizable>1</iscustomizable>
  <name>Risk Identification</name>
  <powerpagecomponenttype>5</powerpagecomponenttype>
  <powerpagesiteid>
    <powerpagesiteid>aa7d49af-363f-41d3-b99d-bdd5ad5694d8</powerpagesiteid>
  </powerpagesiteid>
  <statecode>1</statecode>
  <statuscode>2</statuscode>
</powerpagecomponent>