<powerpagesites>
  <powerpagesite powerpagesiteid="aa7d49af-363f-41d3-b99d-bdd5ad5694d8">
    <content>{"defaultlanguage":"96e8a8c3-d5c0-4729-bbb4-36d4e809b044","footerwebtemplateid":"158cb3a8-b0e8-428f-a1c4-23aca4490be6","headerwebtemplateid":"1dee6b3f-9849-4636-a6a0-dc4b7fce6459","statecode":0,"statuscode":1,"website_language":1033,"defaultbotconsumerid":"ed998e1f-7e58-f011-bec1-7c1e521687a7"}</content>
    <datamodelversion>2.0</datamodelversion>
    <iscustomizable>1</iscustomizable>
    <name>RCSA Copilot - site-5joks</name>
    <primarydomainname>site-5joks.powerappsportals.com</primarydomainname>
    <statecode>0</statecode>
    <statuscode>1</statuscode>
  </powerpagesite>
</powerpagesites>