<powerpagesitelanguages>
  <powerpagesitelanguage powerpagesitelanguageid="96e8a8c3-d5c0-4729-bbb4-36d4e809b044">
    <content>{"publishingstate":"0c05b030-bb84-4276-94fc-ece9f13ab2e8","systemlanguage":1033}</content>
    <displayname>English</displayname>
    <iscustomizable>1</iscustomizable>
    <languagecode>en-US</languagecode>
    <lcid>1033</lcid>
    <name>English</name>
    <powerpagesiteid>
      <powerpagesiteid>aa7d49af-363f-41d3-b99d-bdd5ad5694d8</powerpagesiteid>
    </powerpagesiteid>
    <statecode>0</statecode>
    <statuscode>1</statuscode>
  </powerpagesitelanguage>
</powerpagesitelanguages>