<powerpagecomponent powerpagecomponentid="068115db-5408-416f-8259-7cbc38534518">
  <content>{
  "filecontent": null,
  "disablepagevalidation": false,
  "displayimageonly": false,
  "displayorder": 3,
  "displaypagechildlinks": false,
  "openinnewwindow": false,
  "pageid": "428f8708-6968-4473-bc5e-d4b7d626e460",
  "publishingstateid": "0c05b030-bb84-4276-94fc-ece9f13ab2e8",
  "robotsfollowlink": true,
  "weblinksetid": "8f14c53a-3a7c-4edf-9c89-8b1a9edb8d9d"
}</content>
  <iscustomizable>1</iscustomizable>
  <name>Contact us-deleted</name>
  <powerpagecomponenttype>5</powerpagecomponenttype>
  <powerpagesiteid>
    <powerpagesiteid>aa7d49af-363f-41d3-b99d-bdd5ad5694d8</powerpagesiteid>
  </powerpagesiteid>
  <statecode>1</statecode>
  <statuscode>2</statuscode>
</powerpagecomponent>