<powerpagecomponent powerpagecomponentid="e7928d2c-55b2-2868-fab8-b54240095c1a">
  <content>{
  "webpageid": "88854515-a062-1600-ccd3-703b86de4f95",
  "right": 2,
  "scope": 1,
  "adx_webpageaccesscontrolrule_webrole": [
    "b912c42b-d467-42b7-88c9-2427536440e4"
  ]
}</content>
  <iscustomizable>1</iscustomizable>
  <name>Restrict Read on Process Selection</name>
  <powerpagecomponenttype>10</powerpagecomponenttype>
  <powerpagesiteid>
    <powerpagesiteid>aa7d49af-363f-41d3-b99d-bdd5ad5694d8</powerpagesiteid>
  </powerpagesiteid>
  <statecode>0</statecode>
  <statuscode>1</statuscode>
</powerpagecomponent>