<powerpagecomponent powerpagecomponentid="1da28370-d491-4ab2-9f40-762552b8cbec">
  <content>{"createdOn":"2025-07-04T02:26:27.895Z","parentpageid":"439a903c-bf6a-492c-b905-cbbbce3612e3","publishingstateid":"0c05b030-bb84-4276-94fc-ece9f13ab2e8","partialurl":"Risk-Management-4.jpg","title":"","summary":"","enabletracking":false,"excludefromsearch":false,"hiddenfromsitemap":false}</content>
  <filecontent mimetype="image/jpeg">Risk-Management-4.jpg</filecontent>
  <iscustomizable>1</iscustomizable>
  <name>Risk-Management-4.jpg</name>
  <powerpagecomponenttype>3</powerpagecomponenttype>
  <powerpagesiteid>
    <powerpagesiteid>aa7d49af-363f-41d3-b99d-bdd5ad5694d8</powerpagesiteid>
  </powerpagesiteid>
  <statecode>0</statecode>
  <statuscode>1</statuscode>
</powerpagecomponent>