<powerpagecomponent powerpagecomponentid="09b566f1-1229-4872-ad3a-78ab634b3ec3">
  <content>{"description":"Sets whether or not the portal can redirect the user to the profile page after successful sign-in. By default, it is set to true.","value":"true"}</content>
  <iscustomizable>1</iscustomizable>
  <name>Authentication/Registration/ProfileRedirectEnabled</name>
  <powerpagecomponenttype>9</powerpagecomponenttype>
  <powerpagesiteid>
    <powerpagesiteid>aa7d49af-363f-41d3-b99d-bdd5ad5694d8</powerpagesiteid>
  </powerpagesiteid>
  <statecode>0</statecode>
  <statuscode>1</statuscode>
</powerpagecomponent>