<powerpagecomponent powerpagecomponentid="abad3986-f1e7-a316-a758-8537246e198c">
  <content>{
  "displayorder": 12,
  "customcss": "",
  "customjavascript": "",
  "pagetemplateid": "7504b05c-7353-404b-af12-de2d395d7fb0",
  "parentpageid": "439a903c-bf6a-492c-b905-cbbbce3612e3",
  "partialurl": "Success-Page",
  "isroot": true,
  "title": "Success Page",
  "summary": "&lt;p&gt;This is a sample landing page designed to be a starting point for your website&lt;/p&gt;",
  "copy": "",
  "publishingstateid": "0c05b030-bb84-4276-94fc-ece9f13ab2e8",
  "enablerating": false,
  "enabletracking": false,
  "excludefromsearch": false,
  "hiddenfromsitemap": true,
  "sharedpageconfiguration": false
}</content>
  <iscustomizable>1</iscustomizable>
  <name>Success Page</name>
  <powerpagecomponenttype>2</powerpagecomponenttype>
  <powerpagesiteid>
    <powerpagesiteid>aa7d49af-363f-41d3-b99d-bdd5ad5694d8</powerpagesiteid>
  </powerpagesiteid>
  <searchcontent>Success PageSuccess Page</searchcontent>
  <statecode>0</statecode>
  <statuscode>1</statuscode>
</powerpagecomponent>