<powerpagecomponent powerpagecomponentid="e0e25775-f87c-467c-9802-13aafb46302f">
  <content>{"display_name":"Login/ACS/Heading","type":756150000,"value":"Sign in to Starter Portal"}</content>
  <iscustomizable>1</iscustomizable>
  <name>Login/ACS/Heading</name>
  <powerpagecomponenttype>7</powerpagecomponenttype>
  <powerpagesiteid>
    <powerpagesiteid>aa7d49af-363f-41d3-b99d-bdd5ad5694d8</powerpagesiteid>
  </powerpagesiteid>
  <powerpagesitelanguageid>
    <powerpagesitelanguageid>96e8a8c3-d5c0-4729-bbb4-36d4e809b044</powerpagesitelanguageid>
  </powerpagesitelanguageid>
  <statecode>0</statecode>
  <statuscode>1</statuscode>
</powerpagecomponent>