<powerpagecomponent powerpagecomponentid="8a29f4b2-a4ef-4c36-a78d-faa6c78cf3cb">
  <content>{"display_name":"Header/Search/FilterLabel","type":756150000,"value":"Search Filter"}</content>
  <iscustomizable>1</iscustomizable>
  <name>Header/Search/FilterLabel</name>
  <powerpagecomponenttype>7</powerpagecomponenttype>
  <powerpagesiteid>
    <powerpagesiteid>aa7d49af-363f-41d3-b99d-bdd5ad5694d8</powerpagesiteid>
  </powerpagesiteid>
  <powerpagesitelanguageid>
    <powerpagesitelanguageid>96e8a8c3-d5c0-4729-bbb4-36d4e809b044</powerpagesitelanguageid>
  </powerpagesitelanguageid>
  <statecode>0</statecode>
  <statuscode>1</statuscode>
</powerpagecomponent>