<powerpagecomponent powerpagecomponentid="7b14be56-3168-4c22-8160-d3bcca36d36a">
  <content>{"display_name":"Page Children Heading","type":756150000,"value":"In This Section"}</content>
  <iscustomizable>1</iscustomizable>
  <name>Page Children Heading</name>
  <powerpagecomponenttype>7</powerpagecomponenttype>
  <powerpagesiteid>
    <powerpagesiteid>aa7d49af-363f-41d3-b99d-bdd5ad5694d8</powerpagesiteid>
  </powerpagesiteid>
  <powerpagesitelanguageid>
    <powerpagesitelanguageid>96e8a8c3-d5c0-4729-bbb4-36d4e809b044</powerpagesitelanguageid>
  </powerpagesitelanguageid>
  <statecode>0</statecode>
  <statuscode>1</statuscode>
</powerpagecomponent>