<powerpagecomponent powerpagecomponentid="ab807a08-5c5e-41cf-8e15-ef093333d357">
  <content>{
  "filecontent": null,
  "value": ""
}</content>
  <iscustomizable>1</iscustomizable>
  <name>Authentication/OpenIdConnect/AAD-B2C_1/RegistrationEnabled</name>
  <powerpagecomponenttype>9</powerpagecomponenttype>
  <powerpagesiteid>
    <powerpagesiteid>aa7d49af-363f-41d3-b99d-bdd5ad5694d8</powerpagesiteid>
  </powerpagesiteid>
  <statecode>1</statecode>
  <statuscode>2</statuscode>
</powerpagecomponent>