<powerpagecomponent powerpagecomponentid="2473091c-374c-44ec-89f8-78a69138ca96">
  <content>{
  "entityname": "risks",
  "entitylogicalname": "cr129_risk",
  "scope": 756150000,
  "append": false,
  "appendto": false,
  "delete": false,
  "read": true,
  "create": false,
  "write": false,
  "parentrelationship": null,
  "parententitypermission": null,
  "contactrelationship": null,
  "accountrelationship": null,
  "childTablePermissions": [],
  "adx_entitypermission_webrole": []
}</content>
  <iscustomizable>1</iscustomizable>
  <name>risks</name>
  <powerpagecomponenttype>18</powerpagecomponenttype>
  <powerpagesiteid>
    <powerpagesiteid>aa7d49af-363f-41d3-b99d-bdd5ad5694d8</powerpagesiteid>
  </powerpagesiteid>
  <statecode>0</statecode>
  <statuscode>1</statuscode>
</powerpagecomponent>