<powerpagecomponent powerpagecomponentid="c593cb23-da7f-496a-b129-d8b352467c6b">
  <content>{"display_name":"Home/Title","type":756150000,"value":"Welcome to your website!"}</content>
  <iscustomizable>1</iscustomizable>
  <name>Home/Title</name>
  <powerpagecomponenttype>7</powerpagecomponenttype>
  <powerpagesiteid>
    <powerpagesiteid>aa7d49af-363f-41d3-b99d-bdd5ad5694d8</powerpagesiteid>
  </powerpagesiteid>
  <powerpagesitelanguageid>
    <powerpagesitelanguageid>96e8a8c3-d5c0-4729-bbb4-36d4e809b044</powerpagesitelanguageid>
  </powerpagesitelanguageid>
  <statecode>0</statecode>
  <statuscode>1</statuscode>
</powerpagecomponent>