<powerpagecomponent powerpagecomponentid="a805b0e0-ace9-4261-b41d-b6219e99d9b8">
  <content>{
  "filecontent": null,
  "disablepagevalidation": false,
  "displayimageonly": false,
  "displayorder": 1,
  "displaypagechildlinks": false,
  "openinnewwindow": false,
  "pageid": "a803cdde-8beb-467a-be45-06c6d654f6b8",
  "parentweblinkid": "453d2da7-a0b6-4c55-942d-9a94569bbb96",
  "publishingstateid": "0c05b030-bb84-4276-94fc-ece9f13ab2e8",
  "robotsfollowlink": true,
  "weblinksetid": "8f14c53a-3a7c-4edf-9c89-8b1a9edb8d9d"
}</content>
  <iscustomizable>1</iscustomizable>
  <name>Subpage 1-deleted</name>
  <powerpagecomponenttype>5</powerpagecomponenttype>
  <powerpagesiteid>
    <powerpagesiteid>aa7d49af-363f-41d3-b99d-bdd5ad5694d8</powerpagesiteid>
  </powerpagesiteid>
  <statecode>1</statecode>
  <statuscode>2</statuscode>
</powerpagecomponent>