<powerpagecomponent powerpagecomponentid="2ba82e8b-e142-4488-b331-c1106ef18c9c">
  <content>{"display_name":"Primary Navigation","publishingstateid":"0c05b030-bb84-4276-94fc-ece9f13ab2e8"}</content>
  <iscustomizable>1</iscustomizable>
  <name>Primary Navigation</name>
  <powerpagecomponenttype>4</powerpagecomponenttype>
  <powerpagesiteid>
    <powerpagesiteid>aa7d49af-363f-41d3-b99d-bdd5ad5694d8</powerpagesiteid>
  </powerpagesiteid>
  <powerpagesitelanguageid>
    <powerpagesitelanguageid>96e8a8c3-d5c0-4729-bbb4-36d4e809b044</powerpagesitelanguageid>
  </powerpagesitelanguageid>
  <statecode>0</statecode>
  <statuscode>1</statuscode>
</powerpagecomponent>