<powerpagecomponent powerpagecomponentid="abd80248-0af4-4e9e-868e-51f82223395c">
  <content>{
  "value": "true"
}</content>
  <iscustomizable>1</iscustomizable>
  <name>Authentication/OpenIdConnect/AzureAD/AllowContactMappingWithEmail</name>
  <powerpagecomponenttype>9</powerpagecomponenttype>
  <powerpagesiteid>
    <powerpagesiteid>aa7d49af-363f-41d3-b99d-bdd5ad5694d8</powerpagesiteid>
  </powerpagesiteid>
  <statecode>0</statecode>
  <statuscode>1</statuscode>
</powerpagecomponent>