<powerpagecomponent powerpagecomponentid="c19aff6b-b35b-f011-bec1-7c1e521687a7">
  <content>{
  "adddescription": false,
  "attributelogicalname": "cr129_businessunitname",
  "controlstyle": 756150000,
  "descriptionposition": 100000000,
  "entityform": "998da8fb-b25b-f011-bec1-7c1e521687a7",
  "entityformforcreate": "998da8fb-b25b-f011-bec1-7c1e521687a7",
  "fieldisrequired": false,
  "ignoredefaultvalue": false,
  "randomizeoptionsetvalues": false,
  "setvalueonsave": false,
  "type": 100000000,
  "useattributedescriptionproperty": true
}</content>
  <iscustomizable>1</iscustomizable>
  <name>Process Selection Form cr129_businessunitname</name>
  <powerpagecomponenttype>16</powerpagecomponenttype>
  <powerpagesiteid>
    <powerpagesiteid>aa7d49af-363f-41d3-b99d-bdd5ad5694d8</powerpagesiteid>
  </powerpagesiteid>
  <statecode>0</statecode>
  <statuscode>1</statuscode>
</powerpagecomponent>