<powerpagecomponent powerpagecomponentid="18b69deb-9f70-4331-864f-1ab27f6d5c9c">
  <content>{"source":"&lt;div class=\"wrapper-body\"&gt;\r\n  &lt;div class=\"container\" role=\"main\"&gt;\r\n    {% editable page 'adx_copy' %}\r\n  &lt;/div&gt;\r\n  &lt;div class=\"push\"&gt;&lt;/div&gt;\r\n&lt;/div&gt;"}</content>
  <iscustomizable>1</iscustomizable>
  <name>Blank Page</name>
  <powerpagecomponenttype>8</powerpagecomponenttype>
  <powerpagesiteid>
    <powerpagesiteid>aa7d49af-363f-41d3-b99d-bdd5ad5694d8</powerpagesiteid>
  </powerpagesiteid>
  <statecode>0</statecode>
  <statuscode>1</statuscode>
</powerpagecomponent>