<powerpagecomponent powerpagecomponentid="c1303439-9c26-4e87-b373-b08125e2daed">
  <content>{
  "filecontent": null,
  "copy": "&lt;div class=\"row sectionBlockLayout\" data-component-theme=\"portalThemeColor6\" style=\"display: flex; flex-wrap: wrap; height: 15px; min-height: 15px;\"&gt;\r\n&lt;/div&gt;\r\n&lt;div class=\"row sectionBlockLayout\" style=\"display: flex; flex-wrap: wrap;text-align: left; min-height: auto; \"&gt;\r\n    &lt;div class=\"container\" style=\"padding: 0px; display: flex; flex-wrap: wrap;\"&gt;\r\n        &lt;div class=\"col-lg-12 columnBlockLayout\" style=\"flex-grow: 1; display: flex; flex-direction: column; min-width: 300px;\"&gt;\r\n            &lt;h2&gt;Subpage 2&lt;/h2&gt;\r\n            &lt;p&gt;This page can be customized by adding new sections and components.&lt;/p&gt;\r\n        &lt;/div&gt;\r\n    &lt;/div&gt;\r\n&lt;/div&gt;\r\n&lt;div class=\"row sectionBlockLayout\" style=\"display: flex; flex-wrap: wrap;text-align: left; min-height: auto; \"&gt;\r\n    &lt;div class=\"container\" style=\"padding: 0px; display: flex; flex-wrap: wrap;\"&gt;\r\n        &lt;div class=\"col-lg-12 columnBlockLayout\" style=\"flex-grow: 1; display: flex; flex-direction: column; min-width: 300px;\"&gt;&lt;/div&gt;\r\n    &lt;/div&gt;\r\n&lt;/div&gt;\r\n&lt;div class=\"row sectionBlockLayout\" data-component-theme=\"portalThemeColor2\" style=\"display: flex; flex-wrap: wrap; min-height: 28px;\"&gt;&lt;/div&gt;\r\n&lt;div class=\"row sectionBlockLayout\" data-component-theme=\"portalThemeColor6\" style=\"display: flex; flex-wrap: wrap;  min-height: 52px;\"&gt;&lt;/div&gt;",
  "displayorder": 2,
  "enablerating": false,
  "enabletracking": false,
  "excludefromsearch": false,
  "feedbackpolicy": 756150000,
  "hiddenfromsitemap": false,
  "isroot": false,
  "pagetemplateid": "7504b05c-7353-404b-af12-de2d395d7fb0",
  "parentpageid": "8787c9f0-6348-406b-89ff-070c219be0e1",
  "partialurl": "subpage-2-deleted",
  "publishingstateid": "0c05b030-bb84-4276-94fc-ece9f13ab2e8",
  "rootwebpageid": "4211e292-8963-4c59-a4b9-f1c1565c7fac",
  "sharedpageconfiguration": false,
  "summary": "&lt;p&gt;You can include a description of your child page here.&lt;/p&gt;",
  "title": "Subpage 2"
}</content>
  <iscustomizable>1</iscustomizable>
  <name>Subpage 2-deleted</name>
  <powerpagecomponenttype>2</powerpagecomponenttype>
  <powerpagesiteid>
    <powerpagesiteid>aa7d49af-363f-41d3-b99d-bdd5ad5694d8</powerpagesiteid>
  </powerpagesiteid>
  <powerpagesitelanguageid>
    <powerpagesitelanguageid>96e8a8c3-d5c0-4729-bbb4-36d4e809b044</powerpagesitelanguageid>
  </powerpagesitelanguageid>
  <searchcontent>Subpage 2&lt;div class="row sectionBlockLayout" data-component-theme="portalThemeColor6" style="display: flex; flex-wrap: wrap; height: 15px; min-height: 15px;"&gt;
&lt;/div&gt;
&lt;div class="row sectionBlockLayout" style="display: flex; flex-wrap: wrap;text-align: left; min-height: auto; "&gt;
    &lt;div class="container" style="padding: 0px; display: flex; flex-wrap: wrap;"&gt;
        &lt;div class="col-lg-12 columnBlockLayout" style="flex-grow: 1; display: flex; flex-direction: column; min-width: 300px;"&gt;
            &lt;h2&gt;Subpage 2&lt;/h2&gt;
            &lt;p&gt;This page can be customized by adding new sections and components.&lt;/p&gt;
        &lt;/div&gt;
    &lt;/div&gt;
&lt;/div&gt;
&lt;div class="row sectionBlockLayout" style="display: flex; flex-wrap: wrap;text-align: left; min-height: auto; "&gt;
    &lt;div class="container" style="padding: 0px; display: flex; flex-wrap: wrap;"&gt;
        &lt;div class="col-lg-12 columnBlockLayout" style="flex-grow: 1; display: flex; flex-direction: column; min-width: 300px;"&gt;&lt;/div&gt;
    &lt;/div&gt;
&lt;/div&gt;
&lt;div class="row sectionBlockLayout" data-component-theme="portalThemeColor2" style="display: flex; flex-wrap: wrap; min-height: 28px;"&gt;&lt;/div&gt;
&lt;div class="row sectionBlockLayout" data-component-theme="portalThemeColor6" style="display: flex; flex-wrap: wrap;  min-height: 52px;"&gt;&lt;/div&gt;Subpage 2-deleted</searchcontent>
  <statecode>1</statecode>
  <statuscode>2</statuscode>
</powerpagecomponent>