<powerpagecomponent powerpagecomponentid="32efeef0-f0d3-4036-84f1-ff562ddf8346">
  <content>{"description":"A collection of search logical name filter options. Defining a value here will add dropdown filter options to site-wide search.\n\nThis value should be in the form of name/value pairs, with name and value separated by a colon, and pairs separated by a semicolon. For example: \"Forums:adx_communityforum,adx_communityforumthread,adx_communityforumpost;Blogs:adx_blog,adx_blogpost,adx_blogpostcomment\"."}</content>
  <iscustomizable>1</iscustomizable>
  <name>search/filters</name>
  <powerpagecomponenttype>9</powerpagecomponenttype>
  <powerpagesiteid>
    <powerpagesiteid>aa7d49af-363f-41d3-b99d-bdd5ad5694d8</powerpagesiteid>
  </powerpagesiteid>
  <statecode>0</statecode>
  <statuscode>1</statuscode>
</powerpagecomponent>