<powerpagecomponent powerpagecomponentid="1ca4a54a-e933-58d6-0c77-82c3712e20d4">
  <content>{
  "displayimageonly": false,
  "displayorder": 11,
  "displaypagechildlinks": false,
  "openinnewwindow": false,
  "pageid": "c6083e99-9b18-8ef4-3e31-67e745c2a968",
  "publishingstateid": "0c05b030-bb84-4276-94fc-ece9f13ab2e8",
  "robotsfollowlink": true,
  "weblinksetid": "8f14c53a-3a7c-4edf-9c89-8b1a9edb8d9d"
}</content>
  <iscustomizable>1</iscustomizable>
  <name>Residual Risk Assessment</name>
  <powerpagecomponenttype>5</powerpagecomponenttype>
  <powerpagesiteid>
    <powerpagesiteid>aa7d49af-363f-41d3-b99d-bdd5ad5694d8</powerpagesiteid>
  </powerpagesiteid>
  <statecode>1</statecode>
  <statuscode>2</statuscode>
</powerpagecomponent>