<powerpagecomponent powerpagecomponentid="0bba309a-cc6d-4617-be92-6e48584de75b">
  <content>{"enablerating":false,"enabletracking":false,"excludefromsearch":false,"feedbackpolicy":756150000,"hiddenfromsitemap":true,"isroot":true,"pagetemplateid":"b2128a06-6015-46da-b436-7c27de0c09f4","parentpageid":"439a903c-bf6a-492c-b905-cbbbce3612e3","partialurl":"profile","publishingstateid":"0c05b030-bb84-4276-94fc-ece9f13ab2e8","sharedpageconfiguration":false,"title":"Profile"}</content>
  <iscustomizable>1</iscustomizable>
  <name>Profile</name>
  <powerpagecomponenttype>2</powerpagecomponenttype>
  <powerpagesiteid>
    <powerpagesiteid>aa7d49af-363f-41d3-b99d-bdd5ad5694d8</powerpagesiteid>
  </powerpagesiteid>
  <searchcontent>ProfileProfile</searchcontent>
  <statecode>0</statecode>
  <statuscode>1</statuscode>
</powerpagecomponent>