<powerpagecomponent powerpagecomponentid="6ed9ff7c-dee4-4915-9f5c-78ae1ada0ea2">
  <content>{"display_name":"Search/Facet/More","type":756150000,"value":"Show more"}</content>
  <iscustomizable>1</iscustomizable>
  <name>Search/Facet/More</name>
  <powerpagecomponenttype>7</powerpagecomponenttype>
  <powerpagesiteid>
    <powerpagesiteid>aa7d49af-363f-41d3-b99d-bdd5ad5694d8</powerpagesiteid>
  </powerpagesiteid>
  <powerpagesitelanguageid>
    <powerpagesitelanguageid>96e8a8c3-d5c0-4729-bbb4-36d4e809b044</powerpagesitelanguageid>
  </powerpagesitelanguageid>
  <statecode>0</statecode>
  <statuscode>1</statuscode>
</powerpagecomponent>