<powerpagecomponent powerpagecomponentid="d0e9e016-8585-40bb-bfe8-2cff11d27fc4">
  <content>{"description":"Used to group a set of entities under an entry in the record type facet view.","value":"Downloads:annotation,adx_webfile"}</content>
  <iscustomizable>1</iscustomizable>
  <name>Search/RecordTypeFacetsEntities</name>
  <powerpagecomponenttype>9</powerpagecomponenttype>
  <powerpagesiteid>
    <powerpagesiteid>aa7d49af-363f-41d3-b99d-bdd5ad5694d8</powerpagesiteid>
  </powerpagesiteid>
  <statecode>0</statecode>
  <statuscode>1</statuscode>
</powerpagecomponent>