<powerpagecomponent powerpagecomponentid="52384827-6864-4ac7-8aa2-dfe8908d5ea9">
  <content>{"entityname":"adx_webpage","isdefault":false,"rewriteurl":"~/Pages/Search.aspx","type":756150000,"usewebsiteheaderandfooter":true,"webtemplateid":"ce819594-6cce-4d95-a82b-12f8bbb9ba1e"}</content>
  <iscustomizable>1</iscustomizable>
  <name>Search</name>
  <powerpagecomponenttype>6</powerpagecomponenttype>
  <powerpagesiteid>
    <powerpagesiteid>aa7d49af-363f-41d3-b99d-bdd5ad5694d8</powerpagesiteid>
  </powerpagesiteid>
  <statecode>0</statecode>
  <statuscode>1</statuscode>
</powerpagecomponent>