<powerpagecomponent powerpagecomponentid="8e5cfa0d-2a82-47b2-87cf-f9e177da9a80">
  <content>{"disablepagevalidation":false,"displayimageonly":false,"displayorder":1,"displaypagechildlinks":false,"openinnewwindow":false,"pageid":"a803cdde-8beb-467a-be45-06c6d654f6b8","parentweblinkid":"9b1a8a12-d3b9-4051-acd8-eab3f3db336c","publishingstateid":"0c05b030-bb84-4276-94fc-ece9f13ab2e8","robotsfollowlink":true,"weblinksetid":"2ba82e8b-e142-4488-b331-c1106ef18c9c"}</content>
  <iscustomizable>1</iscustomizable>
  <name>Subpage 1</name>
  <powerpagecomponenttype>5</powerpagecomponenttype>
  <powerpagesiteid>
    <powerpagesiteid>aa7d49af-363f-41d3-b99d-bdd5ad5694d8</powerpagesiteid>
  </powerpagesiteid>
  <statecode>0</statecode>
  <statuscode>1</statuscode>
</powerpagecomponent>