<powerpagecomponent powerpagecomponentid="cafd5c0f-f4ed-4422-9c70-f58006c02c5a">
  <content>{"copy":"&lt;h4&gt;About Starter Portal&lt;/h4&gt;&lt;p&gt;This site uses sample data and text, please update as per your requirement.&lt;/p&gt;","display_name":"Footer","publishingstateid":"0c05b030-bb84-4276-94fc-ece9f13ab2e8"}</content>
  <iscustomizable>1</iscustomizable>
  <name>Footer</name>
  <powerpagecomponenttype>4</powerpagecomponenttype>
  <powerpagesiteid>
    <powerpagesiteid>aa7d49af-363f-41d3-b99d-bdd5ad5694d8</powerpagesiteid>
  </powerpagesiteid>
  <powerpagesitelanguageid>
    <powerpagesitelanguageid>96e8a8c3-d5c0-4729-bbb4-36d4e809b044</powerpagesitelanguageid>
  </powerpagesitelanguageid>
  <statecode>0</statecode>
  <statuscode>1</statuscode>
</powerpagecomponent>