<powerpagecomponent powerpagecomponentid="9b1a8a12-d3b9-4051-acd8-eab3f3db336c">
  <content>{"disablepagevalidation":false,"displayimageonly":false,"displayorder":3,"displaypagechildlinks":false,"openinnewwindow":false,"pageid":"8787c9f0-6348-406b-89ff-070c219be0e1","publishingstateid":"0c05b030-bb84-4276-94fc-ece9f13ab2e8","robotsfollowlink":true,"weblinksetid":"2ba82e8b-e142-4488-b331-c1106ef18c9c"}</content>
  <iscustomizable>1</iscustomizable>
  <name>Pages</name>
  <powerpagecomponenttype>5</powerpagecomponenttype>
  <powerpagesiteid>
    <powerpagesiteid>aa7d49af-363f-41d3-b99d-bdd5ad5694d8</powerpagesiteid>
  </powerpagesiteid>
  <statecode>0</statecode>
  <statuscode>1</statuscode>
</powerpagecomponent>