<powerpagecomponent powerpagecomponentid="aa6ae917-0244-4d52-b322-8443a1ab5111">
  <content>{"source":"&lt;div class=\"page-header\"&gt;\r\n    &lt;h1&gt;{% editable page 'adx_title' type: 'html', liquid: true %}&lt;/h1&gt;\r\n&lt;/div&gt;"}</content>
  <iscustomizable>1</iscustomizable>
  <name>Page Header</name>
  <powerpagecomponenttype>8</powerpagecomponenttype>
  <powerpagesiteid>
    <powerpagesiteid>aa7d49af-363f-41d3-b99d-bdd5ad5694d8</powerpagesiteid>
  </powerpagesiteid>
  <statecode>0</statecode>
  <statuscode>1</statuscode>
</powerpagecomponent>