<powerpagecomponent powerpagecomponentid="dd4393ac-e67a-45f6-bb44-8e2e8617daaa">
  <content>{"description":"The amount of time the IP address will have to wait if Authentication/LoginThrottling/MaxInvaildAttemptsFromIPAddress occur within Authentication/LoginThrottling/MaxAttemptsTimeLimitTimeSpan amount of time. Default: 00:10:00 (10 mins)","value":"00:10:00"}</content>
  <iscustomizable>1</iscustomizable>
  <name>Authentication/LoginThrottling/IpAddressTimeoutTimeSpan</name>
  <powerpagecomponenttype>9</powerpagecomponenttype>
  <powerpagesiteid>
    <powerpagesiteid>aa7d49af-363f-41d3-b99d-bdd5ad5694d8</powerpagesiteid>
  </powerpagesiteid>
  <statecode>0</statecode>
  <statuscode>1</statuscode>
</powerpagecomponent>