<powerpagecomponent powerpagecomponentid="6bcc580f-057e-4e2b-9073-9aca09bb01ad">
  <content>{"disablepagevalidation":false,"displayimageonly":false,"displayorder":4,"displaypagechildlinks":false,"openinnewwindow":false,"pageid":"428f8708-6968-4473-bc5e-d4b7d626e460","publishingstateid":"0c05b030-bb84-4276-94fc-ece9f13ab2e8","robotsfollowlink":true,"weblinksetid":"2ba82e8b-e142-4488-b331-c1106ef18c9c"}</content>
  <iscustomizable>1</iscustomizable>
  <name>Contact us</name>
  <powerpagecomponenttype>5</powerpagecomponenttype>
  <powerpagesiteid>
    <powerpagesiteid>aa7d49af-363f-41d3-b99d-bdd5ad5694d8</powerpagesiteid>
  </powerpagesiteid>
  <statecode>0</statecode>
  <statuscode>1</statuscode>
</powerpagecomponent>