<powerpagecomponent powerpagecomponentid="a2f8e5a3-064c-48ec-956e-53ec8b6decdf">
  <content>{"description":"Site setting that controls the depth of the webpage hierarchy that’s cloned in a newly-added supported language. Web link sets and content snippets are cloned in the newly-added language when webpages are cloned.","value":"3"}</content>
  <iscustomizable>1</iscustomizable>
  <name>MultiLanguage/MaximumDepthToClone</name>
  <powerpagecomponenttype>9</powerpagecomponenttype>
  <powerpagesiteid>
    <powerpagesiteid>aa7d49af-363f-41d3-b99d-bdd5ad5694d8</powerpagesiteid>
  </powerpagesiteid>
  <statecode>0</statecode>
  <statuscode>1</statuscode>
</powerpagecomponent>