<powerpagecomponent powerpagecomponentid="5374104d-37fd-4e63-85e9-e632c0945442">
  <content>{"display_name":"Search/Facet/All","type":756150000,"value":"All"}</content>
  <iscustomizable>1</iscustomizable>
  <name>Search/Facet/All</name>
  <powerpagecomponenttype>7</powerpagecomponenttype>
  <powerpagesiteid>
    <powerpagesiteid>aa7d49af-363f-41d3-b99d-bdd5ad5694d8</powerpagesiteid>
  </powerpagesiteid>
  <powerpagesitelanguageid>
    <powerpagesitelanguageid>96e8a8c3-d5c0-4729-bbb4-36d4e809b044</powerpagesitelanguageid>
  </powerpagesitelanguageid>
  <statecode>0</statecode>
  <statuscode>1</statuscode>
</powerpagecomponent>