<powerpagecomponent powerpagecomponentid="1bd78429-7523-4d37-9d80-56e0e2cb6f32">
  <content>{"contentdisposition":756150000,"enabletracking":false,"excludefromsearch":false,"hiddenfromsitemap":false,"parentpageid":"439a903c-bf6a-492c-b905-cbbbce3612e3","partialurl":"PWAManifest.json","publishingstateid":"0c05b030-bb84-4276-94fc-ece9f13ab2e8"}</content>
  <filecontent mimetype="application/octet-stream">PWAManifest.json</filecontent>
  <iscustomizable>1</iscustomizable>
  <name>PWAManifest.json</name>
  <powerpagecomponenttype>3</powerpagecomponenttype>
  <powerpagesiteid>
    <powerpagesiteid>aa7d49af-363f-41d3-b99d-bdd5ad5694d8</powerpagesiteid>
  </powerpagesiteid>
  <statecode>0</statecode>
  <statuscode>1</statuscode>
</powerpagecomponent>