<powerpagecomponent powerpagecomponentid="3e857394-1967-44c2-9885-72942be98d7f">
  <content>{"adddescription":false,"attributelogicalname":"adx_contactemail","descriptionposition":100000000,"entityform":"fbfc0b60-cacf-4207-96b3-70dc85564e53","fieldisrequired":true,"ignoredefaultvalue":false,"onsavetype":100000000,"randomizeoptionsetvalues":false,"setvalueonsave":false,"type":100000000,"useattributedescriptionproperty":true}</content>
  <iscustomizable>1</iscustomizable>
  <name>simple contact us form adx_contactemail</name>
  <powerpagecomponenttype>16</powerpagecomponenttype>
  <powerpagesiteid>
    <powerpagesiteid>aa7d49af-363f-41d3-b99d-bdd5ad5694d8</powerpagesiteid>
  </powerpagesiteid>
  <statecode>0</statecode>
  <statuscode>1</statuscode>
</powerpagecomponent>