<powerpagecomponent powerpagecomponentid="768f06ef-6f83-4d65-8b4b-cf26188f70c8">
  <content>{"description":"Enables or disables Azure AD as an external identity provider. By default, it is set to true.","value":"true"}</content>
  <iscustomizable>1</iscustomizable>
  <name>Authentication/Registration/AzureADLoginEnabled</name>
  <powerpagecomponenttype>9</powerpagecomponenttype>
  <powerpagesiteid>
    <powerpagesiteid>aa7d49af-363f-41d3-b99d-bdd5ad5694d8</powerpagesiteid>
  </powerpagesiteid>
  <statecode>0</statecode>
  <statuscode>1</statuscode>
</powerpagecomponent>