<powerpagecomponent powerpagecomponentid="ac4cff13-eef5-4744-828e-55ecbcb503c3">
  <content>{"display_name":"EntityList/View Not Available Message","type":756150001,"value":"&lt;div class=\"alert alert-block alert-warning\"&gt;&lt;p&gt;&lt;span class=\"fa fa-exclamation-triangle\" aria-hidden=\"true\"&gt;&lt;/span&gt;The view is not available.&lt;/p&gt;&lt;/div&gt;"}</content>
  <iscustomizable>1</iscustomizable>
  <name>EntityList/ViewNotAvailableMessage</name>
  <powerpagecomponenttype>7</powerpagecomponenttype>
  <powerpagesiteid>
    <powerpagesiteid>aa7d49af-363f-41d3-b99d-bdd5ad5694d8</powerpagesiteid>
  </powerpagesiteid>
  <powerpagesitelanguageid>
    <powerpagesitelanguageid>96e8a8c3-d5c0-4729-bbb4-36d4e809b044</powerpagesitelanguageid>
  </powerpagesitelanguageid>
  <statecode>0</statecode>
  <statuscode>1</statuscode>
</powerpagecomponent>