<powerpagecomponent powerpagecomponentid="c4447fff-0f3b-d29c-d7d6-7f1911a9f556">
  <content>{
  "displayorder": 14,
  "weblinksetid": "8f14c53a-3a7c-4edf-9c89-8b1a9edb8d9d",
  "pageid": "54ff69de-6cac-8798-b15a-2cc321b7df18",
  "publishingstateid": "0c05b030-bb84-4276-94fc-ece9f13ab2e8",
  "displaypagevalidation": false,
  "displayimageonly": false,
  "displaypagechildlinks": false,
  "openinnewwindow": false,
  "robotsfollowlink": true
}</content>
  <iscustomizable>1</iscustomizable>
  <name>Sign In</name>
  <powerpagecomponenttype>5</powerpagecomponenttype>
  <powerpagesiteid>
    <powerpagesiteid>aa7d49af-363f-41d3-b99d-bdd5ad5694d8</powerpagesiteid>
  </powerpagesiteid>
  <statecode>0</statecode>
  <statuscode>1</statuscode>
</powerpagecomponent>