<powerpagecomponent powerpagecomponentid="4c52b861-0cb3-47fb-b5ae-0b4d1e417606">
  <content>{"source":"&lt;!-- Default studio template. Please do not modify --&gt;\r\n&lt;div id=\"mainContent\" class=\"wrapper-body\" role=\"main\"&gt;\r\n    &lt;div class=\"page-copy\"&gt;\r\n      {% editable page 'adx_copy' type: 'html', liquid: true %}\r\n    &lt;/div&gt;\r\n&lt;/div&gt;"}</content>
  <iscustomizable>1</iscustomizable>
  <name>Default studio template</name>
  <powerpagecomponenttype>8</powerpagecomponenttype>
  <powerpagesiteid>
    <powerpagesiteid>aa7d49af-363f-41d3-b99d-bdd5ad5694d8</powerpagesiteid>
  </powerpagesiteid>
  <statecode>0</statecode>
  <statuscode>1</statuscode>
</powerpagecomponent>