<powerpagecomponent powerpagecomponentid="f1521b32-5e1d-4948-9149-c4b50580ba29">
  <content>{"display_name":"Search/Title","type":756150000,"value":"&lt;span&gt;Search&lt;/span&gt;"}</content>
  <iscustomizable>1</iscustomizable>
  <name>Search/Title</name>
  <powerpagecomponenttype>7</powerpagecomponenttype>
  <powerpagesiteid>
    <powerpagesiteid>aa7d49af-363f-41d3-b99d-bdd5ad5694d8</powerpagesiteid>
  </powerpagesiteid>
  <powerpagesitelanguageid>
    <powerpagesitelanguageid>96e8a8c3-d5c0-4729-bbb4-36d4e809b044</powerpagesitelanguageid>
  </powerpagesitelanguageid>
  <statecode>0</statecode>
  <statuscode>1</statuscode>
</powerpagecomponent>