<powerpagecomponent powerpagecomponentid="2ec0666f-9414-049c-852f-e2d2c4083193">
  <content>{
  "displayimageonly": false,
  "displayorder": 10,
  "displaypagechildlinks": false,
  "openinnewwindow": false,
  "pageid": "5c2dcb7a-39c6-6f2c-ab3a-962d26e2568c",
  "publishingstateid": "0c05b030-bb84-4276-94fc-ece9f13ab2e8",
  "robotsfollowlink": true,
  "weblinksetid": "8f14c53a-3a7c-4edf-9c89-8b1a9edb8d9d"
}</content>
  <iscustomizable>1</iscustomizable>
  <name>Control Mapping Overview</name>
  <powerpagecomponenttype>5</powerpagecomponenttype>
  <powerpagesiteid>
    <powerpagesiteid>aa7d49af-363f-41d3-b99d-bdd5ad5694d8</powerpagesiteid>
  </powerpagesiteid>
  <statecode>1</statecode>
  <statuscode>2</statuscode>
</powerpagecomponent>