<powerpagecomponent powerpagecomponentid="88f3b0a1-fb83-412f-830e-203d13e09051">
  <content>{
  "filecontent": null,
  "copy": "&lt;div class=\"row sectionBlockLayout\" data-component-theme=\"portalThemeColor6\" style=\"display: flex; flex-wrap: wrap; height: 15px; min-height: 15px;\"&gt;\r\n&lt;/div&gt;\r\n&lt;div class=\"row sectionBlockLayout\" style=\"display: flex; flex-wrap: wrap;  text-align: left; min-height: auto;\"&gt;\r\n    &lt;div class=\"container\" style=\"padding: 0px; display: flex; flex-wrap: wrap;\"&gt;\r\n        &lt;div class=\"col-lg-12 columnBlockLayout\" style=\"flex-grow: 1; display: flex; flex-direction: column; min-width: 300px;\"&gt;\r\n            &lt;h1&gt;Contact us&lt;/h1&gt;\r\n        &lt;/div&gt;\r\n    &lt;/div&gt;\r\n&lt;/div&gt;\r\n&lt;div class=\"row sectionBlockLayout\" style=\"display: flex; flex-wrap: wrap;text-align: left; min-height: 374px;\"&gt;\r\n    &lt;div class=\"container\" style=\"padding: 0px; display: flex; flex-wrap: wrap;\"&gt;\r\n        &lt;div class=\"col-lg-12 columnBlockLayout\" style=\"flex-grow: 1; display: flex; flex-direction: column; min-width: 300px;\"&gt;{% entityform name: 'simple contact us form' %}&lt;/div&gt;\r\n    &lt;/div&gt;\r\n&lt;/div&gt;\r\n&lt;div class=\"row sectionBlockLayout\" data-component-theme=\"portalThemeColor2\" style=\"display: flex; flex-wrap: wrap; min-height: 28px;\"&gt;&lt;/div&gt;\r\n&lt;div class=\"row sectionBlockLayout\" data-component-theme=\"portalThemeColor6\" style=\"display: flex; flex-wrap: wrap; min-height: 52px;\"&gt;&lt;/div&gt;",
  "displayorder": 3,
  "enablerating": false,
  "enabletracking": false,
  "excludefromsearch": false,
  "feedbackpolicy": 756150000,
  "hiddenfromsitemap": false,
  "isroot": false,
  "pagetemplateid": "7504b05c-7353-404b-af12-de2d395d7fb0",
  "parentpageid": "439a903c-bf6a-492c-b905-cbbbce3612e3",
  "partialurl": "contact-us-deleted",
  "publishingstateid": "0c05b030-bb84-4276-94fc-ece9f13ab2e8",
  "rootwebpageid": "428f8708-6968-4473-bc5e-d4b7d626e460",
  "sharedpageconfiguration": false,
  "summary": "&lt;p&gt;This is sample landing page for you to start building your website&lt;/p&gt;"
}</content>
  <iscustomizable>1</iscustomizable>
  <name>Contact us-deleted</name>
  <powerpagecomponenttype>2</powerpagecomponenttype>
  <powerpagesiteid>
    <powerpagesiteid>aa7d49af-363f-41d3-b99d-bdd5ad5694d8</powerpagesiteid>
  </powerpagesiteid>
  <powerpagesitelanguageid>
    <powerpagesitelanguageid>96e8a8c3-d5c0-4729-bbb4-36d4e809b044</powerpagesitelanguageid>
  </powerpagesitelanguageid>
  <searchcontent>&lt;div class="row sectionBlockLayout" data-component-theme="portalThemeColor6" style="display: flex; flex-wrap: wrap; height: 15px; min-height: 15px;"&gt;
&lt;/div&gt;
&lt;div class="row sectionBlockLayout" style="display: flex; flex-wrap: wrap;  text-align: left; min-height: auto;"&gt;
    &lt;div class="container" style="padding: 0px; display: flex; flex-wrap: wrap;"&gt;
        &lt;div class="col-lg-12 columnBlockLayout" style="flex-grow: 1; display: flex; flex-direction: column; min-width: 300px;"&gt;
            &lt;h1&gt;Contact us&lt;/h1&gt;
        &lt;/div&gt;
    &lt;/div&gt;
&lt;/div&gt;
&lt;div class="row sectionBlockLayout" style="display: flex; flex-wrap: wrap;text-align: left; min-height: 374px;"&gt;
    &lt;div class="container" style="padding: 0px; display: flex; flex-wrap: wrap;"&gt;
        &lt;div class="col-lg-12 columnBlockLayout" style="flex-grow: 1; display: flex; flex-direction: column; min-width: 300px;"&gt;{% entityform name: 'simple contact us form' %}&lt;/div&gt;
    &lt;/div&gt;
&lt;/div&gt;
&lt;div class="row sectionBlockLayout" data-component-theme="portalThemeColor2" style="display: flex; flex-wrap: wrap; min-height: 28px;"&gt;&lt;/div&gt;
&lt;div class="row sectionBlockLayout" data-component-theme="portalThemeColor6" style="display: flex; flex-wrap: wrap; min-height: 52px;"&gt;&lt;/div&gt;Contact us-deleted</searchcontent>
  <statecode>1</statecode>
  <statuscode>2</statuscode>
</powerpagecomponent>