<powerpagecomponent powerpagecomponentid="ccb151b4-f00f-428b-af31-a9850fa2bb64">
  <content>{"source":"{% assign title = title | default: page.title %}\r\n\r\n&lt;ul class=\"breadcrumb\"&gt;\r\n {% for crumb in page.breadcrumbs -%}\r\n &lt;li class=\"breadcrumb-item\"&gt;\r\n  &lt;a href=\"{{ crumb.url | h }}\" title=\"{{ crumb.title | h }}\"&gt;{{ crumb.title | truncate: 24 | h }}&lt;/a&gt;\r\n &lt;/li&gt;\r\n {% endfor -%}\r\n &lt;li class=\" breadcrumb-item active\"&gt;{% block activebreadcrumb %}{{ title | h }}{% endblock %}&lt;/li&gt;\r\n&lt;/ul&gt;"}</content>
  <iscustomizable>1</iscustomizable>
  <name>Breadcrumbs</name>
  <powerpagecomponenttype>8</powerpagecomponenttype>
  <powerpagesiteid>
    <powerpagesiteid>aa7d49af-363f-41d3-b99d-bdd5ad5694d8</powerpagesiteid>
  </powerpagesiteid>
  <statecode>0</statecode>
  <statuscode>1</statuscode>
</powerpagecomponent>