<powerpagecomponent powerpagecomponentid="86bb0d19-21cf-483b-96f7-24dc9a02e888">
  <content>{"contentdisposition":756150000,"displayorder":10,"enabletracking":false,"excludefromsearch":true,"hiddenfromsitemap":false,"parentpageid":"439a903c-bf6a-492c-b905-cbbbce3612e3","partialurl":"portalbasictheme.css","publishingstateid":"0c05b030-bb84-4276-94fc-ece9f13ab2e8"}</content>
  <filecontent mimetype="application/octet-stream">portalbasictheme.css</filecontent>
  <iscustomizable>1</iscustomizable>
  <name>portalbasictheme.css</name>
  <powerpagecomponenttype>3</powerpagecomponenttype>
  <powerpagesiteid>
    <powerpagesiteid>aa7d49af-363f-41d3-b99d-bdd5ad5694d8</powerpagesiteid>
  </powerpagesiteid>
  <statecode>0</statecode>
  <statuscode>1</statuscode>
</powerpagecomponent>