<powerpagecomponent powerpagecomponentid="38b34b04-47dd-41a3-a01e-d5cfc97284c0">
  <content>{"display_name":"Home/Subtitle","type":756150000,"value":"This is  sample landing page for you to start building your website."}</content>
  <iscustomizable>1</iscustomizable>
  <name>Home/Subtitle</name>
  <powerpagecomponenttype>7</powerpagecomponenttype>
  <powerpagesiteid>
    <powerpagesiteid>aa7d49af-363f-41d3-b99d-bdd5ad5694d8</powerpagesiteid>
  </powerpagesiteid>
  <powerpagesitelanguageid>
    <powerpagesitelanguageid>96e8a8c3-d5c0-4729-bbb4-36d4e809b044</powerpagesitelanguageid>
  </powerpagesitelanguageid>
  <statecode>0</statecode>
  <statuscode>1</statuscode>
</powerpagecomponent>