<powerpagecomponent powerpagecomponentid="8f14c53a-3a7c-4edf-9c89-8b1a9edb8d9d">
  <content>{"display_name":"Default","publishingstateid":"0c05b030-bb84-4276-94fc-ece9f13ab2e8"}</content>
  <iscustomizable>1</iscustomizable>
  <name>Default</name>
  <powerpagecomponenttype>4</powerpagecomponenttype>
  <powerpagesiteid>
    <powerpagesiteid>aa7d49af-363f-41d3-b99d-bdd5ad5694d8</powerpagesiteid>
  </powerpagesiteid>
  <powerpagesitelanguageid>
    <powerpagesitelanguageid>96e8a8c3-d5c0-4729-bbb4-36d4e809b044</powerpagesitelanguageid>
  </powerpagesitelanguageid>
  <statecode>0</statecode>
  <statuscode>1</statuscode>
</powerpagecomponent>