<powerpagecomponent powerpagecomponentid="835eb7ae-5d29-425b-8376-95346e23c860">
  <content>{"source":"{% extends 'Layout 1 Column' %}\r\n{% block main %}\r\n  {% include 'Page Copy' %}\r\n&lt;div class=\"container\" role=\"main\"&gt;\r\n    {% include 'Child Navigation' showdescriptions: true %}\r\n    {% if page.adx_entitylist %}\r\n    {% include 'entity_list' key: page.adx_entitylist.id %}\r\n    {% endif %}\r\n\r\n    {% if page.adx_entityform %}\r\n    {% entityform id: page.adx_entityform.id %}\r\n    {% endif %}\r\n\r\n    {% if page.adx_webform %}\r\n    {% webform id: page.adx_webform.id %}\r\n    {% endif %}\r\n&lt;/div&gt;\r\n{% endblock %}"}</content>
  <iscustomizable>1</iscustomizable>
  <name>Full Page</name>
  <powerpagecomponenttype>8</powerpagecomponenttype>
  <powerpagesiteid>
    <powerpagesiteid>aa7d49af-363f-41d3-b99d-bdd5ad5694d8</powerpagesiteid>
  </powerpagesiteid>
  <statecode>0</statecode>
  <statuscode>1</statuscode>
</powerpagecomponent>