<powerpagecomponent powerpagecomponentid="5c2d211d-b0d1-437b-90f9-6f9bf5f1efc8">
  <content>{"display_name":"Search/Facet/Sort Order/Views","type":756150000,"value":"View Count"}</content>
  <iscustomizable>1</iscustomizable>
  <name>Search/Facet/SortOrder/Views</name>
  <powerpagecomponenttype>7</powerpagecomponenttype>
  <powerpagesiteid>
    <powerpagesiteid>aa7d49af-363f-41d3-b99d-bdd5ad5694d8</powerpagesiteid>
  </powerpagesiteid>
  <powerpagesitelanguageid>
    <powerpagesitelanguageid>96e8a8c3-d5c0-4729-bbb4-36d4e809b044</powerpagesitelanguageid>
  </powerpagesitelanguageid>
  <statecode>0</statecode>
  <statuscode>1</statuscode>
</powerpagecomponent>