<powerpagecomponent powerpagecomponentid="cc58f6a5-c832-4053-a76e-29f00ba63f80">
  <content>{"display_name":"Footer","type":756150001,"value":"&lt;p class=\"smallText\"&gt;Copyright © &lt;/p&gt;\r\n&lt;p class=\"smallText\"&gt;{{ now | date: 'yyyy' }}&lt;/p&gt;\r\n&lt;p class=\"smallText\"&gt;. All rights reserved.&lt;/p&gt;"}</content>
  <iscustomizable>1</iscustomizable>
  <name>Footer</name>
  <powerpagecomponenttype>7</powerpagecomponenttype>
  <powerpagesiteid>
    <powerpagesiteid>aa7d49af-363f-41d3-b99d-bdd5ad5694d8</powerpagesiteid>
  </powerpagesiteid>
  <powerpagesitelanguageid>
    <powerpagesitelanguageid>96e8a8c3-d5c0-4729-bbb4-36d4e809b044</powerpagesitelanguageid>
  </powerpagesitelanguageid>
  <statecode>0</statecode>
  <statuscode>1</statuscode>
</powerpagecomponent>