<powerpagecomponent powerpagecomponentid="d674c6af-51b7-4458-b602-3fc92b3e8127">
  <content>{"display_name":"Social Share Widget Code Page Bottom","type":756150000}</content>
  <iscustomizable>1</iscustomizable>
  <name>Social Share Widget Code Page Bottom</name>
  <powerpagecomponenttype>7</powerpagecomponenttype>
  <powerpagesiteid>
    <powerpagesiteid>aa7d49af-363f-41d3-b99d-bdd5ad5694d8</powerpagesiteid>
  </powerpagesiteid>
  <powerpagesitelanguageid>
    <powerpagesitelanguageid>96e8a8c3-d5c0-4729-bbb4-36d4e809b044</powerpagesitelanguageid>
  </powerpagesitelanguageid>
  <statecode>0</statecode>
  <statuscode>1</statuscode>
</powerpagecomponent>