<powerpagecomponent powerpagecomponentid="2b844664-f373-43e8-bea3-6165a8a8e7e2">
  <content>{"display_name":"Search/No Results","type":756150000,"value":"No results found."}</content>
  <iscustomizable>1</iscustomizable>
  <name>Search/NoResults</name>
  <powerpagecomponenttype>7</powerpagecomponenttype>
  <powerpagesiteid>
    <powerpagesiteid>aa7d49af-363f-41d3-b99d-bdd5ad5694d8</powerpagesiteid>
  </powerpagesiteid>
  <powerpagesitelanguageid>
    <powerpagesitelanguageid>96e8a8c3-d5c0-4729-bbb4-36d4e809b044</powerpagesitelanguageid>
  </powerpagesitelanguageid>
  <statecode>0</statecode>
  <statuscode>1</statuscode>
</powerpagecomponent>