<powerpagecomponent powerpagecomponentid="20744c2e-3ff3-41e0-975f-f19adf272562">
  <content>{"copy":"&lt;div class=\"row sectionBlockLayout\" style=\"display: flex; flex-wrap: wrap; min-height: 50px; background: var(--portalThemeColor2);\"&gt;&lt;/div&gt;\r\n&lt;div class=\"row sectionBlockLayout\" style=\"display: flex; flex-wrap: wrap; min-height: 50px; background: var(--portalThemeColor6);\"&gt;&lt;/div&gt;\r\n&lt;div class=\"row sectionBlockLayout\" style=\"display: flex; flex-wrap: wrap; text-align: left; min-height: 374px;\"&gt;\r\n    &lt;div data-component-theme=\"portalThemeColor7\" class=\"container\" style=\"padding: 0px; display: flex; flex-wrap: wrap;\"&gt;\r\n        &lt;div class=\"col-lg-12 columnBlockLayout\" style=\"flex-grow: 1; display: flex; flex-direction: column; min-width: 300px; padding: 16px;\"&gt;&lt;img src=\"/Cat-PC.png\" alt=\"\" name=\"Cat-PC.png\" style=\"width: 200px; height: 161px; margin-left: auto; margin-right: auto;\"&gt;\r\n            &lt;h2 style=\"text-align: center;\"&gt;You don’t have access to this&lt;/h2&gt;\r\n            &lt;p style=\"text-align: center;\"&gt;Check your credentials or ask your admin to request access&lt;/p&gt;\r\n        &lt;/div&gt;\r\n    &lt;/div&gt;\r\n&lt;/div&gt;\r\n&lt;div class=\"row sectionBlockLayout\" style=\"display: flex; flex-wrap: wrap; min-height: 315px; background: var(--portalThemeColor1);\"&gt;&lt;/div&gt;","enablerating":false,"enabletracking":false,"excludefromsearch":true,"feedbackpolicy":756150000,"hiddenfromsitemap":true,"isroot":false,"pagetemplateid":"7504b05c-7353-404b-af12-de2d395d7fb0","parentpageid":"439a903c-bf6a-492c-b905-cbbbce3612e3","partialurl":"access-denied","publishingstateid":"0c05b030-bb84-4276-94fc-ece9f13ab2e8","rootwebpageid":"fae4cb27-53be-454d-a07b-c02f0580838c","sharedpageconfiguration":false}</content>
  <iscustomizable>1</iscustomizable>
  <name>Access Denied</name>
  <powerpagecomponenttype>2</powerpagecomponenttype>
  <powerpagesiteid>
    <powerpagesiteid>aa7d49af-363f-41d3-b99d-bdd5ad5694d8</powerpagesiteid>
  </powerpagesiteid>
  <powerpagesitelanguageid>
    <powerpagesitelanguageid>96e8a8c3-d5c0-4729-bbb4-36d4e809b044</powerpagesitelanguageid>
  </powerpagesitelanguageid>
  <searchcontent>&lt;div class="row sectionBlockLayout" style="display: flex; flex-wrap: wrap; min-height: 50px; background: var(--portalThemeColor2);"&gt;&lt;/div&gt;
&lt;div class="row sectionBlockLayout" style="display: flex; flex-wrap: wrap; min-height: 50px; background: var(--portalThemeColor6);"&gt;&lt;/div&gt;
&lt;div class="row sectionBlockLayout" style="display: flex; flex-wrap: wrap; text-align: left; min-height: 374px;"&gt;
    &lt;div data-component-theme="portalThemeColor7" class="container" style="padding: 0px; display: flex; flex-wrap: wrap;"&gt;
        &lt;div class="col-lg-12 columnBlockLayout" style="flex-grow: 1; display: flex; flex-direction: column; min-width: 300px; padding: 16px;"&gt;&lt;img src="/Cat-PC.png" alt="" name="Cat-PC.png" style="width: 200px; height: 161px; margin-left: auto; margin-right: auto;"&gt;
            &lt;h2 style="text-align: center;"&gt;You don’t have access to this&lt;/h2&gt;
            &lt;p style="text-align: center;"&gt;Check your credentials or ask your admin to request access&lt;/p&gt;
        &lt;/div&gt;
    &lt;/div&gt;
&lt;/div&gt;
&lt;div class="row sectionBlockLayout" style="display: flex; flex-wrap: wrap; min-height: 315px; background: var(--portalThemeColor1);"&gt;&lt;/div&gt;Access Denied</searchcontent>
  <statecode>0</statecode>
  <statuscode>1</statuscode>
</powerpagecomponent>