<powerpagecomponent powerpagecomponentid="56c368f0-6aff-4dff-9c46-71153b82370b">
  <content>{"display_name":"Search/Facet/Modified Date","type":756150000,"value":"Modified date"}</content>
  <iscustomizable>1</iscustomizable>
  <name>Search/Facet/ModifiedDate</name>
  <powerpagecomponenttype>7</powerpagecomponenttype>
  <powerpagesiteid>
    <powerpagesiteid>aa7d49af-363f-41d3-b99d-bdd5ad5694d8</powerpagesiteid>
  </powerpagesiteid>
  <powerpagesitelanguageid>
    <powerpagesitelanguageid>96e8a8c3-d5c0-4729-bbb4-36d4e809b044</powerpagesitelanguageid>
  </powerpagesitelanguageid>
  <statecode>0</statecode>
  <statuscode>1</statuscode>
</powerpagecomponent>