<powerpagecomponent powerpagecomponentid="65563a7a-618a-48c7-932c-bd325688bf2b">
  <content>{"copy":"&lt;div class=\"row sectionBlockLayout\" data-component-theme=\"portalThemeColor5\" style=\"display: flex; flex-wrap: wrap; min-height: 50px;\"&gt;&lt;/div&gt;\r\n&lt;div class=\"row sectionBlockLayout\" data-component-theme=\"portalThemeColor6\" style=\"display: flex; flex-wrap: wrap; min-height: 50px;\"&gt;&lt;/div&gt;\r\n&lt;div class=\"row sectionBlockLayout\" style=\"display: flex; flex-wrap: wrap; text-align: left; min-height: 374px;\"&gt;\r\n    &lt;div class=\"container\" style=\"padding: 0px; display: flex; flex-wrap: wrap;\"&gt;\r\n        &lt;div class=\"col-lg-12 columnBlockLayout\" style=\"flex-grow: 1; display: flex; flex-direction: column; min-width: 300px;\"&gt;&lt;img src=\"/Cat-PC.png\" alt=\"\" name=\"Cat-PC.png\" style=\"width: 200px; height: 161px; margin-left: auto; margin-right: auto;\"&gt;\r\n            &lt;h2 style=\"text-align: center;\"&gt;Page not found&lt;/h2&gt;\r\n            &lt;p style=\"text-align: center;\"&gt;Check the link and try again&lt;/p&gt;\r\n        &lt;/div&gt;\r\n    &lt;/div&gt;\r\n&lt;/div&gt;\r\n&lt;div class=\"row sectionBlockLayout\" data-component-theme=\"portalThemeColor1\" style=\"display: flex; flex-wrap: wrap; min-height: 315px;\"&gt;&lt;/div&gt;","enablerating":false,"enabletracking":false,"excludefromsearch":true,"feedbackpolicy":756150000,"hiddenfromsitemap":true,"isroot":false,"pagetemplateid":"7504b05c-7353-404b-af12-de2d395d7fb0","parentpageid":"439a903c-bf6a-492c-b905-cbbbce3612e3","partialurl":"page-not-found","publishingstateid":"0c05b030-bb84-4276-94fc-ece9f13ab2e8","rootwebpageid":"90e7d9cf-b668-4682-a994-f574dde6726c","sharedpageconfiguration":false}</content>
  <iscustomizable>1</iscustomizable>
  <name>Page Not Found</name>
  <powerpagecomponenttype>2</powerpagecomponenttype>
  <powerpagesiteid>
    <powerpagesiteid>aa7d49af-363f-41d3-b99d-bdd5ad5694d8</powerpagesiteid>
  </powerpagesiteid>
  <powerpagesitelanguageid>
    <powerpagesitelanguageid>96e8a8c3-d5c0-4729-bbb4-36d4e809b044</powerpagesitelanguageid>
  </powerpagesitelanguageid>
  <searchcontent>&lt;div class="row sectionBlockLayout" data-component-theme="portalThemeColor5" style="display: flex; flex-wrap: wrap; min-height: 50px;"&gt;&lt;/div&gt;
&lt;div class="row sectionBlockLayout" data-component-theme="portalThemeColor6" style="display: flex; flex-wrap: wrap; min-height: 50px;"&gt;&lt;/div&gt;
&lt;div class="row sectionBlockLayout" style="display: flex; flex-wrap: wrap; text-align: left; min-height: 374px;"&gt;
    &lt;div class="container" style="padding: 0px; display: flex; flex-wrap: wrap;"&gt;
        &lt;div class="col-lg-12 columnBlockLayout" style="flex-grow: 1; display: flex; flex-direction: column; min-width: 300px;"&gt;&lt;img src="/Cat-PC.png" alt="" name="Cat-PC.png" style="width: 200px; height: 161px; margin-left: auto; margin-right: auto;"&gt;
            &lt;h2 style="text-align: center;"&gt;Page not found&lt;/h2&gt;
            &lt;p style="text-align: center;"&gt;Check the link and try again&lt;/p&gt;
        &lt;/div&gt;
    &lt;/div&gt;
&lt;/div&gt;
&lt;div class="row sectionBlockLayout" data-component-theme="portalThemeColor1" style="display: flex; flex-wrap: wrap; min-height: 315px;"&gt;&lt;/div&gt;Page Not Found</searchcontent>
  <statecode>0</statecode>
  <statuscode>1</statuscode>
</powerpagecomponent>