<powerpagecomponent powerpagecomponentid="300a1237-2622-42f6-8fbe-b26bbe3400af">
  <content>{"description":"Setting controls whether attachments will be displayed on Knowledge articles","value":"false"}</content>
  <iscustomizable>1</iscustomizable>
  <name>KnowledgeManagement/DisplayNotes</name>
  <powerpagecomponenttype>9</powerpagecomponenttype>
  <powerpagesiteid>
    <powerpagesiteid>aa7d49af-363f-41d3-b99d-bdd5ad5694d8</powerpagesiteid>
  </powerpagesiteid>
  <statecode>0</statecode>
  <statuscode>1</statuscode>
</powerpagecomponent>