<powerpagecomponent powerpagecomponentid="be635b92-8227-4230-876f-1db5ff95475e">
  <content>{"description":"Determines if faceted search is used for this portal.","value":"True"}</content>
  <iscustomizable>1</iscustomizable>
  <name>Search/FacetedView</name>
  <powerpagecomponenttype>9</powerpagecomponenttype>
  <powerpagesiteid>
    <powerpagesiteid>aa7d49af-363f-41d3-b99d-bdd5ad5694d8</powerpagesiteid>
  </powerpagesiteid>
  <statecode>0</statecode>
  <statuscode>1</statuscode>
</powerpagecomponent>