<powerpagecomponent powerpagecomponentid="d10910dc-8bec-a596-85cb-5a9e057a74da">
  <content>{
  "displayorder": 14,
  "customcss": "",
  "customjavascript": "",
  "pagetemplateid": "7504b05c-7353-404b-af12-de2d395d7fb0",
  "parentpageid": "439a903c-bf6a-492c-b905-cbbbce3612e3",
  "partialurl": "Sign-In",
  "isroot": false,
  "rootwebpageid": "54ff69de-6cac-8798-b15a-2cc321b7df18",
  "title": "Sign In",
  "summary": "&lt;p&gt;This is a sample landing page designed to be a starting point for your website&lt;/p&gt;",
  "copy": "&lt;div class=\"row sectionBlockLayout text-start\" style=\"min-height: auto; padding: 8px;\"&gt;\n    &lt;div class=\"container\" style=\"display: flex; flex-wrap: wrap;\"&gt;\n      &lt;div class=\"col-lg-12 columnBlockLayout\" style=\"padding: 16px; margin: 60px 0px; min-height: 200px;\"&gt;&lt;/div&gt;\n    &lt;/div&gt;\n  &lt;/div&gt;\n  ",
  "publishingstateid": "0c05b030-bb84-4276-94fc-ece9f13ab2e8",
  "enablerating": false,
  "enabletracking": false,
  "excludefromsearch": false,
  "hiddenfromsitemap": true,
  "sharedpageconfiguration": false
}</content>
  <iscustomizable>1</iscustomizable>
  <name>Sign In</name>
  <powerpagecomponenttype>2</powerpagecomponenttype>
  <powerpagesiteid>
    <powerpagesiteid>aa7d49af-363f-41d3-b99d-bdd5ad5694d8</powerpagesiteid>
  </powerpagesiteid>
  <powerpagesitelanguageid>
    <powerpagesitelanguageid>96e8a8c3-d5c0-4729-bbb4-36d4e809b044</powerpagesitelanguageid>
  </powerpagesitelanguageid>
  <searchcontent>Sign In&lt;div class="row sectionBlockLayout text-start" style="min-height: auto; padding: 8px;"&gt;
    &lt;div class="container" style="display: flex; flex-wrap: wrap;"&gt;
      &lt;div class="col-lg-12 columnBlockLayout" style="padding: 16px; margin: 60px 0px; min-height: 200px;"&gt;&lt;/div&gt;
    &lt;/div&gt;
  &lt;/div&gt;
  Sign In</searchcontent>
  <statecode>0</statecode>
  <statuscode>1</statuscode>
</powerpagecomponent>