<powerpagecomponent powerpagecomponentid="6fd0a4d7-d8b4-47cf-8d5d-69698983e79a">
  <content>{"description":"The default number of unauthenticated login attempts from an IP address before the IP address is blocked for Authentication/LoginThrottling/IpAddressTimeoutTimeSpan if the attempts occur within Authentication/LoginThrottling/MaxAttemptsTimeLimitTimeSpan amount of time. Default: 1000","value":"1000"}</content>
  <iscustomizable>1</iscustomizable>
  <name>Authentication/LoginThrottling/MaxInvaildAttemptsFromIPAddress</name>
  <powerpagecomponenttype>9</powerpagecomponenttype>
  <powerpagesiteid>
    <powerpagesiteid>aa7d49af-363f-41d3-b99d-bdd5ad5694d8</powerpagesiteid>
  </powerpagesiteid>
  <statecode>0</statecode>
  <statuscode>1</statuscode>
</powerpagecomponent>