<powerpagecomponent powerpagecomponentid="29ef7977-36bc-4ee7-8d4f-706d0c74b411">
  <content>{"description":"A true or false value. If set to true, the local account will be marked as deprecated. The portal user will be required to migrate to a non-deprecated account.","value":"False"}</content>
  <iscustomizable>1</iscustomizable>
  <name>Authentication/Registration/LocalLoginDeprecated</name>
  <powerpagecomponenttype>9</powerpagecomponenttype>
  <powerpagesiteid>
    <powerpagesiteid>aa7d49af-363f-41d3-b99d-bdd5ad5694d8</powerpagesiteid>
  </powerpagesiteid>
  <statecode>0</statecode>
  <statuscode>1</statuscode>
</powerpagecomponent>