<powerpagecomponent powerpagecomponentid="1f90fa86-03e8-48d2-ac15-d79034c1623b">
  <content>{"display_name":"Secondary Navigation","publishingstateid":"0c05b030-bb84-4276-94fc-ece9f13ab2e8"}</content>
  <iscustomizable>1</iscustomizable>
  <name>Secondary Navigation</name>
  <powerpagecomponenttype>4</powerpagecomponenttype>
  <powerpagesiteid>
    <powerpagesiteid>aa7d49af-363f-41d3-b99d-bdd5ad5694d8</powerpagesiteid>
  </powerpagesiteid>
  <powerpagesitelanguageid>
    <powerpagesitelanguageid>96e8a8c3-d5c0-4729-bbb4-36d4e809b044</powerpagesitelanguageid>
  </powerpagesitelanguageid>
  <statecode>0</statecode>
  <statuscode>1</statuscode>
</powerpagecomponent>