<powerpagecomponent powerpagecomponentid="02ba40eb-a0f3-45e5-8c8f-b761a82fe2df">
  <content>{"display_name":"Search/Facet/Record Type","type":756150000,"value":"Record Type"}</content>
  <iscustomizable>1</iscustomizable>
  <name>Search/Facet/RecordType</name>
  <powerpagecomponenttype>7</powerpagecomponenttype>
  <powerpagesiteid>
    <powerpagesiteid>aa7d49af-363f-41d3-b99d-bdd5ad5694d8</powerpagesiteid>
  </powerpagesiteid>
  <powerpagesitelanguageid>
    <powerpagesitelanguageid>96e8a8c3-d5c0-4729-bbb4-36d4e809b044</powerpagesitelanguageid>
  </powerpagesitelanguageid>
  <statecode>0</statecode>
  <statuscode>1</statuscode>
</powerpagecomponent>