<powerpagecomponent powerpagecomponentid="12345678-1234-1234-1234-123456789abd">
  <content>{
  "adddescription": false,
  "attributelogicalname": "cr129_businessunitname",
  "controlstyle": 756150001,
  "descriptionposition": 100000000,
  "entityform": "12345678-1234-1234-1234-123456789abc",
  "fieldisrequired": true,
  "ignoredefaultvalue": false,
  "onsavetype": 100000000,
  "randomizeoptionsetvalues": false,
  "setvalueonsave": false,
  "type": 100000000,
  "useattributedescriptionproperty": true
}</content>
  <iscustomizable>1</iscustomizable>
  <name>cr129_businessunitname</name>
  <powerpagecomponenttype>16</powerpagecomponenttype>
  <powerpagesiteid>
    <powerpagesiteid>aa7d49af-363f-41d3-b99d-bdd5ad5694d8</powerpagesiteid>
  </powerpagesiteid>
  <statecode>0</statecode>
  <statuscode>1</statuscode>
</powerpagecomponent>