<powerpagecomponent powerpagecomponentid="02da73ef-1a46-4532-af21-8ddb1fd1052c">
  <content>{
  "filecontent": null,
  "value": "true"
}</content>
  <iscustomizable>1</iscustomizable>
  <name>Authentication/Registration/OpenRegistrationEnabled</name>
  <powerpagecomponenttype>9</powerpagecomponenttype>
  <powerpagesiteid>
    <powerpagesiteid>aa7d49af-363f-41d3-b99d-bdd5ad5694d8</powerpagesiteid>
  </powerpagesiteid>
  <statecode>0</statecode>
  <statuscode>1</statuscode>
</powerpagecomponent>