<powerpagecomponent powerpagecomponentid="b6666ec6-cea5-41fd-9c9d-9fb0f4cae2d9">
  <content>{"display_name":"Search/Facet/Product","type":756150000,"value":"Products"}</content>
  <iscustomizable>1</iscustomizable>
  <name>Search/Facet/Product</name>
  <powerpagecomponenttype>7</powerpagecomponenttype>
  <powerpagesiteid>
    <powerpagesiteid>aa7d49af-363f-41d3-b99d-bdd5ad5694d8</powerpagesiteid>
  </powerpagesiteid>
  <powerpagesitelanguageid>
    <powerpagesitelanguageid>96e8a8c3-d5c0-4729-bbb4-36d4e809b044</powerpagesitelanguageid>
  </powerpagesitelanguageid>
  <statecode>0</statecode>
  <statuscode>1</statuscode>
</powerpagecomponent>