<powerpagecomponent powerpagecomponentid="ca69b196-9e70-49d8-9860-881762d6f53e">
  <content>{"display_name":"Header/Search/ToolTip","type":756150000,"value":"Search"}</content>
  <iscustomizable>1</iscustomizable>
  <name>Header/Search/ToolTip</name>
  <powerpagecomponenttype>7</powerpagecomponenttype>
  <powerpagesiteid>
    <powerpagesiteid>aa7d49af-363f-41d3-b99d-bdd5ad5694d8</powerpagesiteid>
  </powerpagesiteid>
  <powerpagesitelanguageid>
    <powerpagesitelanguageid>96e8a8c3-d5c0-4729-bbb4-36d4e809b044</powerpagesitelanguageid>
  </powerpagesitelanguageid>
  <statecode>0</statecode>
  <statuscode>1</statuscode>
</powerpagecomponent>