<powerpagecomponent powerpagecomponentid="129324a6-88db-4c30-84f5-56a1bde0b7a7">
  <content>{"createdOn":"2025-07-04T02:26:46.703Z","parentpageid":"439a903c-bf6a-492c-b905-cbbbce3612e3","publishingstateid":"0c05b030-bb84-4276-94fc-ece9f13ab2e8","partialurl":"Risk.jpg","title":"","summary":"","enabletracking":false,"excludefromsearch":false,"hiddenfromsitemap":false}</content>
  <filecontent mimetype="image/jpeg">Risk.jpg</filecontent>
  <iscustomizable>1</iscustomizable>
  <name>Risk.jpg</name>
  <powerpagecomponenttype>3</powerpagecomponenttype>
  <powerpagesiteid>
    <powerpagesiteid>aa7d49af-363f-41d3-b99d-bdd5ad5694d8</powerpagesiteid>
  </powerpagesiteid>
  <statecode>0</statecode>
  <statuscode>1</statuscode>
</powerpagecomponent>