<powerpagecomponent powerpagecomponentid="12681775-4509-4da8-8949-1ea3c1e5f485">
  <content>{"contentdisposition":756150000,"enabletracking":false,"excludefromsearch":false,"hiddenfromsitemap":false,"parentpageid":"439a903c-bf6a-492c-b905-cbbbce3612e3","partialurl":"Logo-sm-64.png","publishingstateid":"0c05b030-bb84-4276-94fc-ece9f13ab2e8"}</content>
  <filecontent mimetype="application/octet-stream">Logo-sm-64.png</filecontent>
  <iscustomizable>1</iscustomizable>
  <name>Logo-sm-64.png</name>
  <powerpagecomponenttype>3</powerpagecomponenttype>
  <powerpagesiteid>
    <powerpagesiteid>aa7d49af-363f-41d3-b99d-bdd5ad5694d8</powerpagesiteid>
  </powerpagesiteid>
  <statecode>0</statecode>
  <statuscode>1</statuscode>
</powerpagecomponent>