<powerpagecomponent powerpagecomponentid="b37d11ae-0983-49dc-b814-ada336357e8b">
  <content>{"description":"Site setting that determines if the language code is included in the portal URL.","value":"False"}</content>
  <iscustomizable>1</iscustomizable>
  <name>MultiLanguage/DisplayLanguageCodeInURL</name>
  <powerpagecomponenttype>9</powerpagecomponenttype>
  <powerpagesiteid>
    <powerpagesiteid>aa7d49af-363f-41d3-b99d-bdd5ad5694d8</powerpagesiteid>
  </powerpagesiteid>
  <statecode>0</statecode>
  <statuscode>1</statuscode>
</powerpagecomponent>