<powerpagecomponent powerpagecomponentid="998da8fb-b25b-f011-bec1-7c1e521687a7">
  <content>{
  "entityname": "cr129_proc",
  "referenceentityshowreadonlyform": false,
  "referencequerystringisprimarykey": true,
  "populatereferenceentitylookupfield": false,
  "setentityreference": false,
  "geolocation_displaymap": false,
  "geolocation_enabled": false,
  "attachfilerestrictaccept": false,
  "attachfilerequired": false,
  "attachfileallowmultiple": false,
  "attachfile": false,
  "portaluserlookupattributeisactivityparty": false,
  "associatecurrentportaluser": false,
  "redirecturlappendentityidquerystring": false,
  "appendquerystring": false,
  "hideformonsuccess": true,
  "onsuccess": 756150000,
  "validationsummarylinksenabled": true,
  "forceallfieldsrequired": false,
  "recommendedfieldsrequired": false,
  "showunsupportedfields": false,
  "showownerfields": false,
  "tooltipenabled": false,
  "renderwebresourcesinline": false,
  "autogeneratesteps": false,
  "showcaptchaforauthenticatedusers": false,
  "captcharequired": false,
  "recordsourceallowcreateonnull": false,
  "entitypermissionsenabled": true,
  "mode": 100000000,
  "geolocation_maptype": 756150000
}</content>
  <iscustomizable>1</iscustomizable>
  <name>Process Selection Form</name>
  <powerpagecomponenttype>15</powerpagecomponenttype>
  <powerpagesiteid>
    <powerpagesiteid>aa7d49af-363f-41d3-b99d-bdd5ad5694d8</powerpagesiteid>
  </powerpagesiteid>
  <statecode>0</statecode>
  <statuscode>1</statuscode>
</powerpagecomponent>