<powerpagecomponent powerpagecomponentid="bf4a9491-27f9-42c7-b0a8-4be36830c98c">
  <content>{
  "display_name": "Site name",
  "type": 756150000,
  "value": "CapTech RCSA Copilot\r\n"
}</content>
  <iscustomizable>1</iscustomizable>
  <name>Site name</name>
  <powerpagecomponenttype>7</powerpagecomponenttype>
  <powerpagesiteid>
    <powerpagesiteid>aa7d49af-363f-41d3-b99d-bdd5ad5694d8</powerpagesiteid>
  </powerpagesiteid>
  <powerpagesitelanguageid>
    <powerpagesitelanguageid>96e8a8c3-d5c0-4729-bbb4-36d4e809b044</powerpagesitelanguageid>
  </powerpagesitelanguageid>
  <statecode>0</statecode>
  <statuscode>1</statuscode>
</powerpagecomponent>