<powerpagecomponent powerpagecomponentid="a5c5ea86-6633-4a4d-8a29-9827d01d9418">
  <content>{"display_name":"Header/Search/Label","type":756150000,"value":"Search"}</content>
  <iscustomizable>1</iscustomizable>
  <name>Header/Search/Label</name>
  <powerpagecomponenttype>7</powerpagecomponenttype>
  <powerpagesiteid>
    <powerpagesiteid>aa7d49af-363f-41d3-b99d-bdd5ad5694d8</powerpagesiteid>
  </powerpagesiteid>
  <powerpagesitelanguageid>
    <powerpagesitelanguageid>96e8a8c3-d5c0-4729-bbb4-36d4e809b044</powerpagesitelanguageid>
  </powerpagesitelanguageid>
  <statecode>0</statecode>
  <statuscode>1</statuscode>
</powerpagecomponent>