<powerpagecomponent powerpagecomponentid="303a6875-e12e-4ff5-99f9-2641cbc5ae6e">
  <content>{"description":"The amount of time the Authentication/LoginThrottling/MaxInvaildAttemptsFromIPAddress are to be within before the IP address has to wait Authentication/LoginThrottling/IpAddressTimeoutTimeSpan. Default: 00:03:00 (3 mins)","value":"00:03:00"}</content>
  <iscustomizable>1</iscustomizable>
  <name>Authentication/LoginThrottling/MaxAttemptsTimeLimitTimeSpan</name>
  <powerpagecomponenttype>9</powerpagecomponenttype>
  <powerpagesiteid>
    <powerpagesiteid>aa7d49af-363f-41d3-b99d-bdd5ad5694d8</powerpagesiteid>
  </powerpagesiteid>
  <statecode>0</statecode>
  <statuscode>1</statuscode>
</powerpagecomponent>