<powerpagecomponent powerpagecomponentid="f7a5cb24-474c-4cfa-b200-6a0ee0033767">
  <content>{"description":"The Prefix entered here will be used to filter Notes Text, allowing you to control notes exposed on the Portal ex: *WEB*","value":"*WEB*"}</content>
  <iscustomizable>1</iscustomizable>
  <name>KnowledgeManagement/NotesFilter</name>
  <powerpagecomponenttype>9</powerpagecomponenttype>
  <powerpagesiteid>
    <powerpagesiteid>aa7d49af-363f-41d3-b99d-bdd5ad5694d8</powerpagesiteid>
  </powerpagesiteid>
  <statecode>0</statecode>
  <statuscode>1</statuscode>
</powerpagecomponent>