<powerpagecomponent powerpagecomponentid="204be779-a545-40ef-81ea-ab2020da2e8d">
  <content>{
  "filecontent": null,
  "disablepagevalidation": false,
  "displayimageonly": false,
  "displayorder": 2,
  "displaypagechildlinks": false,
  "openinnewwindow": false,
  "pageid": "4211e292-8963-4c59-a4b9-f1c1565c7fac",
  "parentweblinkid": "453d2da7-a0b6-4c55-942d-9a94569bbb96",
  "publishingstateid": "0c05b030-bb84-4276-94fc-ece9f13ab2e8",
  "robotsfollowlink": true,
  "weblinksetid": "8f14c53a-3a7c-4edf-9c89-8b1a9edb8d9d"
}</content>
  <iscustomizable>1</iscustomizable>
  <name>Subpage 2-deleted</name>
  <powerpagecomponenttype>5</powerpagecomponenttype>
  <powerpagesiteid>
    <powerpagesiteid>aa7d49af-363f-41d3-b99d-bdd5ad5694d8</powerpagesiteid>
  </powerpagesiteid>
  <statecode>1</statecode>
  <statuscode>2</statuscode>
</powerpagecomponent>