<powerpagecomponent powerpagecomponentid="04b54ec1-c3c1-4d56-aaf4-e27c6a6e3517">
  <content>{"display_name":"Search/Results Count","type":756150000,"value":"{{ current_page }} - {{ page_size }} of {{ searchindex.approximate_total_hits }} Results"}</content>
  <iscustomizable>1</iscustomizable>
  <name>Search/ResultsCount</name>
  <powerpagecomponenttype>7</powerpagecomponenttype>
  <powerpagesiteid>
    <powerpagesiteid>aa7d49af-363f-41d3-b99d-bdd5ad5694d8</powerpagesiteid>
  </powerpagesiteid>
  <powerpagesitelanguageid>
    <powerpagesitelanguageid>96e8a8c3-d5c0-4729-bbb4-36d4e809b044</powerpagesitelanguageid>
  </powerpagesitelanguageid>
  <statecode>0</statecode>
  <statuscode>1</statuscode>
</powerpagecomponent>