<powerpagecomponent powerpagecomponentid="e1b8ccff-412f-4f79-9079-1d752f34afb7">
  <content>{"source":"&lt;ul class=\"dropdown-menu\" role=\"menu\"&gt;\r\n  {% for language in page.languages %}\r\n    &lt;li role=\"menuitem\"&gt;\r\n        &lt;a class=\"dropdown-item\"  href=\"/{{ language.url_substitution }}\" title=\"{{ language.name }}\" data-code=\"{{ language.code }}\"&gt;{{ language.name }}&lt;/a&gt;\r\n    &lt;/li&gt;\r\n    {% endfor %}\r\n&lt;/ul&gt;"}</content>
  <iscustomizable>1</iscustomizable>
  <name>Languages Dropdown</name>
  <powerpagecomponenttype>8</powerpagecomponenttype>
  <powerpagesiteid>
    <powerpagesiteid>aa7d49af-363f-41d3-b99d-bdd5ad5694d8</powerpagesiteid>
  </powerpagesiteid>
  <statecode>0</statecode>
  <statuscode>1</statuscode>
</powerpagecomponent>