<powerpagecomponent powerpagecomponentid="6e972385-af5b-f011-bec1-7c1e521687a7">
  <content>{
  "view": "b1a9a408-711f-45e8-a9cf-a9ba1d9a1b1d",
  "views": "{\"$type\":\"Adxstudio.Xrm.Web.UI.JsonConfiguration.ViewMetadata, Adxstudio.Xrm\",\"Views\":[{\"$type\":\"Adxstudio.Xrm.Web.UI.JsonConfiguration.View, Adxstudio.Xrm\",\"ViewId\":\"b1a9a408-711f-45e8-a9cf-a9ba1d9a1b1d\",\"DisplayName\":[{\"$type\":\"Adxstudio.Xrm.Web.UI.WebForms.LanguageResources, Adxstudio.Xrm\",\"LCID\":1033,\"Value\":\"\"}]}]}",
  "entityname": "cr129_bu",
  "map_distancevalues": "5,10,25,50,100",
  "map_infoboxoffsety": 46,
  "map_infoboxoffsetx": 25,
  "map_pushpinwidth": 32,
  "map_pushpinheight": 39,
  "map_zoom": 12,
  "map_resturl": "https://dev.virtualearth.net/REST/v1/Locations",
  "pagesize": 10,
  "idquerystringparametername": "id",
  "odata_enabled": false,
  "calendar_style": 756150000,
  "calendar_timezonemode": 756150000,
  "calendar_initialview": 756150001,
  "calendar_enabled": false,
  "map_distanceunits": 756150001,
  "map_enabled": false,
  "filter_enabled": false,
  "searchenabled": false,
  "entitypermissionsenabled": true,
  "iscodecomponent": false,
  "map_type": 756150000
}</content>
  <iscustomizable>1</iscustomizable>
  <name>cr129_bu</name>
  <powerpagecomponenttype>17</powerpagecomponenttype>
  <powerpagesiteid>
    <powerpagesiteid>aa7d49af-363f-41d3-b99d-bdd5ad5694d8</powerpagesiteid>
  </powerpagesiteid>
  <statecode>0</statecode>
  <statuscode>1</statuscode>
</powerpagecomponent>