<powerpagecomponent powerpagecomponentid="eda3dd18-f491-44fc-95fe-667c63238190">
  <content>{"entityname":"adx_webpage","isdefault":false,"rewriteurl":"~/Pages/AccessDenied.aspx","type":756150000,"usewebsiteheaderandfooter":true}</content>
  <iscustomizable>1</iscustomizable>
  <name>Access Denied</name>
  <powerpagecomponenttype>6</powerpagecomponenttype>
  <powerpagesiteid>
    <powerpagesiteid>aa7d49af-363f-41d3-b99d-bdd5ad5694d8</powerpagesiteid>
  </powerpagesiteid>
  <statecode>0</statecode>
  <statuscode>1</statuscode>
</powerpagecomponent>