<powerpagecomponent powerpagecomponentid="439a903c-bf6a-492c-b905-cbbbce3612e3">
  <content>{
  "filecontent": null,
  "copy": "&lt;title&gt;Home Page Test&lt;/title&gt;\n&lt;div style=\"background-color: #ff6b6b; color: white; padding: 30px; text-align: center; font-size: 28px; font-weight: bold; margin: 20px; border-radius: 10px; border: 5px solid #333;\"&gt;🔥 HOME PAGE TEST - CLI VERIFICATION 🔥&lt;/div&gt;\n&lt;div style=\"background-color: #4ecdc4; color: white; padding: 25px; text-align: center; margin: 20px; border-radius: 8px;\"&gt;\n  &lt;h1 style=\"color: white; font-size: 36px;\"&gt;✅ HOME PAGE UPDATED!&lt;/h1&gt;\n  &lt;h2 style=\"color: white;\"&gt;RCSA Copilot Site - CLI Working&lt;/h2&gt;\n  &lt;p style=\"font-size: 20px; color: white;\"&gt;If you can see this bright message, the CLI upload is working perfectly!&lt;/p&gt;\n&lt;/div&gt;\n&lt;div style=\"background-color: #ffe66d; color: #333; padding: 20px; text-align: center; margin: 20px; border-radius: 8px; border: 3px solid #333;\"&gt;\n  &lt;h3&gt;🎯 This is the HOME PAGE with test content&lt;/h3&gt;\n  &lt;p&gt;Power Platform CLI upload successful!&lt;/p&gt;\n&lt;/div&gt;\n&lt;div class=\"row sectionBlockLayout text-start\" style=\"display: flex; flex-wrap: wrap; margin: 0px; min-height: auto; padding: 8px;\"&gt;\n  &lt;div class=\"container\" style=\"padding: 0px; display: flex; flex-wrap: wrap;\"&gt;&lt;div class=\"col-lg-12 columnBlockLayout\" style=\"flex-grow: 1; display: flex; flex-direction: column; min-width: 250px;\"&gt;&lt;/div&gt;&lt;/div&gt;\n&lt;/div&gt;\n",
  "displayorder": 1,
  "enablerating": false,
  "enabletracking": false,
  "excludefromsearch": false,
  "feedbackpolicy": 756150005,
  "hiddenfromsitemap": false,
  "isroot": true,
  "pagetemplateid": "7504b05c-7353-404b-af12-de2d395d7fb0",
  "partialurl": "/",
  "publishingstateid": "0c05b030-bb84-4276-94fc-ece9f13ab2e8",
  "sharedpageconfiguration": false,
  "title": "Home",
  "parentpageid": null
}</content>
  <iscustomizable>1</iscustomizable>
  <name>Home</name>
  <powerpagecomponenttype>2</powerpagecomponenttype>
  <powerpagesiteid>
    <powerpagesiteid>aa7d49af-363f-41d3-b99d-bdd5ad5694d8</powerpagesiteid>
  </powerpagesiteid>
  <searchcontent>Home&lt;title&gt;Home Page Test&lt;/title&gt;
&lt;div style="background-color: #ff6b6b; color: white; padding: 30px; text-align: center; font-size: 28px; font-weight: bold; margin: 20px; border-radius: 10px; border: 5px solid #333;"&gt;🔥 HOME PAGE TEST - CLI VERIFICATION 🔥&lt;/div&gt;
&lt;div style="background-color: #4ecdc4; color: white; padding: 25px; text-align: center; margin: 20px; border-radius: 8px;"&gt;
  &lt;h1 style="color: white; font-size: 36px;"&gt;✅ HOME PAGE UPDATED!&lt;/h1&gt;
  &lt;h2 style="color: white;"&gt;RCSA Copilot Site - CLI Working&lt;/h2&gt;
  &lt;p style="font-size: 20px; color: white;"&gt;If you can see this bright message, the CLI upload is working perfectly!&lt;/p&gt;
&lt;/div&gt;
&lt;div style="background-color: #ffe66d; color: #333; padding: 20px; text-align: center; margin: 20px; border-radius: 8px; border: 3px solid #333;"&gt;
  &lt;h3&gt;🎯 This is the HOME PAGE with test content&lt;/h3&gt;
  &lt;p&gt;Power Platform CLI upload successful!&lt;/p&gt;
&lt;/div&gt;
&lt;div class="row sectionBlockLayout text-start" style="display: flex; flex-wrap: wrap; margin: 0px; min-height: auto; padding: 8px;"&gt;
  &lt;div class="container" style="padding: 0px; display: flex; flex-wrap: wrap;"&gt;&lt;div class="col-lg-12 columnBlockLayout" style="flex-grow: 1; display: flex; flex-direction: column; min-width: 250px;"&gt;&lt;/div&gt;&lt;/div&gt;
&lt;/div&gt;
Home</searchcontent>
  <statecode>0</statecode>
  <statuscode>1</statuscode>
</powerpagecomponent>