<powerpagecomponent powerpagecomponentid="f146821b-394a-43cd-992e-d87419136c83">
  <content>{
  "filecontent": null,
  "value": "true"
}</content>
  <iscustomizable>1</iscustomizable>
  <name>Authentication/OpenIdConnect/AzureAD/ExternalLogoutEnabled</name>
  <powerpagecomponenttype>9</powerpagecomponenttype>
  <powerpagesiteid>
    <powerpagesiteid>aa7d49af-363f-41d3-b99d-bdd5ad5694d8</powerpagesiteid>
  </powerpagesiteid>
  <statecode>0</statecode>
  <statuscode>1</statuscode>
</powerpagecomponent>