<powerpagecomponent powerpagecomponentid="f23964de-8781-4377-8022-bb0722d72d37">
  <content>{"description":"Enabling this setting will show all customer activity on the portal timeline.","value":"false"}</content>
  <iscustomizable>1</iscustomizable>
  <name>CustomerSupport/DisplayAllUserActivitiesOnTimeline</name>
  <powerpagecomponenttype>9</powerpagecomponenttype>
  <powerpagesiteid>
    <powerpagesiteid>aa7d49af-363f-41d3-b99d-bdd5ad5694d8</powerpagesiteid>
  </powerpagesiteid>
  <statecode>0</statecode>
  <statuscode>1</statuscode>
</powerpagecomponent>