<powerpagecomponent powerpagecomponentid="b751d26c-3f2b-47ad-af0c-78c81402155b">
  <content>{
  "filecontent": null,
  "value": "true"
}</content>
  <iscustomizable>1</iscustomizable>
  <name>Authentication/OpenIdConnect/AzureAD/RegistrationEnabled</name>
  <powerpagecomponenttype>9</powerpagecomponenttype>
  <powerpagesiteid>
    <powerpagesiteid>aa7d49af-363f-41d3-b99d-bdd5ad5694d8</powerpagesiteid>
  </powerpagesiteid>
  <statecode>0</statecode>
  <statuscode>1</statuscode>
</powerpagecomponent>