<powerpagecomponent powerpagecomponentid="020deb12-41e2-45dd-ae07-56d73a24602a">
  <content>{
  "filecontent": null,
  "value": "false"
}</content>
  <iscustomizable>1</iscustomizable>
  <name>Authentication/Registration/LocalLoginEnabled</name>
  <powerpagecomponenttype>9</powerpagecomponenttype>
  <powerpagesiteid>
    <powerpagesiteid>aa7d49af-363f-41d3-b99d-bdd5ad5694d8</powerpagesiteid>
  </powerpagesiteid>
  <statecode>0</statecode>
  <statuscode>1</statuscode>
</powerpagecomponent>