<powerpagecomponent powerpagecomponentid="f2d90f28-e4b4-4447-bcda-e66d030d5436">
  <content>{"display_name":"Logo URL","type":756150000,"value":"/Logo-sm-64.png\r\n"}</content>
  <iscustomizable>1</iscustomizable>
  <name>Logo URL</name>
  <powerpagecomponenttype>7</powerpagecomponenttype>
  <powerpagesiteid>
    <powerpagesiteid>aa7d49af-363f-41d3-b99d-bdd5ad5694d8</powerpagesiteid>
  </powerpagesiteid>
  <powerpagesitelanguageid>
    <powerpagesitelanguageid>96e8a8c3-d5c0-4729-bbb4-36d4e809b044</powerpagesitelanguageid>
  </powerpagesitelanguageid>
  <statecode>0</statecode>
  <statuscode>1</statuscode>
</powerpagecomponent>