<powerpagecomponent powerpagecomponentid="0a6c705f-c6b2-43dd-9f5e-0cf39ae6aa4b">
  <content>{"source":"&lt;div class=\"page-copy\"&gt;\r\n {% editable page 'adx_copy' type: 'html', liquid: true %}\r\n&lt;/div&gt;"}</content>
  <iscustomizable>1</iscustomizable>
  <name>Page Copy</name>
  <powerpagecomponenttype>8</powerpagecomponenttype>
  <powerpagesiteid>
    <powerpagesiteid>aa7d49af-363f-41d3-b99d-bdd5ad5694d8</powerpagesiteid>
  </powerpagesiteid>
  <statecode>0</statecode>
  <statuscode>1</statuscode>
</powerpagecomponent>